[08Jan2026 02:38:52.427] [main/INFO] [cpw.mods.modlauncher.Launcher/MODLAUNCHER]: ModLauncher running: args [--gameDir, ., --launchTarget, fmlserver, --fml.forgeVersion, 36.2.42, --fml.mcpVersion, 20210115.111550, --fml.mcVersion, 1.16.5, --fml.forgeGroup, net.minecraftforge, nogui]
[08Jan2026 02:38:52.431] [main/INFO] [cpw.mods.modlauncher.Launcher/MODLAUNCHER]: ModLauncher 8.1.3+8.1.3+main-8.1.x.c94d18ec starting: java version 11.0.29 by Ubuntu
[08Jan2026 02:38:52.689] [main/INFO] [com.teampotato.redirector.Redirector/]: Redirector CoreMod initialized successfully!
[08Jan2026 02:38:52.819] [main/INFO] [net.minecraftforge.fml.loading.FixSSL/CORE]: Added Lets Encrypt root certificates as additional trust
[08Jan2026 02:38:52.879] [main/INFO] [mixin/]: SpongePowered MIXIN Subsystem Version=0.8.4 Source=file:/workspaces/MiTio/servidor_minecraft/libraries/org/spongepowered/mixin/0.8.4/mixin-0.8.4.jar Service=ModLauncher Env=SERVER
[08Jan2026 02:38:53.585] [main/INFO] [STDERR/]: [jdk.nashorn.api.scripting.NashornScriptEngine:<init>:143]: Warning: Nashorn engine is planned to be removed from a future JDK release
[08Jan2026 02:38:53.676] [main/INFO] [STDERR/]: [jdk.nashorn.api.scripting.NashornScriptEngine:<init>:143]: Warning: Nashorn engine is planned to be removed from a future JDK release
[08Jan2026 02:38:53.688] [main/INFO] [STDERR/]: [jdk.nashorn.api.scripting.NashornScriptEngine:<init>:143]: Warning: Nashorn engine is planned to be removed from a future JDK release
[08Jan2026 02:38:53.700] [main/INFO] [STDERR/]: [jdk.nashorn.api.scripting.NashornScriptEngine:<init>:143]: Warning: Nashorn engine is planned to be removed from a future JDK release
[08Jan2026 02:38:53.714] [main/INFO] [STDERR/]: [jdk.nashorn.api.scripting.NashornScriptEngine:<init>:143]: Warning: Nashorn engine is planned to be removed from a future JDK release
[08Jan2026 02:38:55.728] [main/INFO] [mixin/]: Successfully loaded Mixin Connector [vazkii.patchouli.common.MixinConnector]
[08Jan2026 02:38:55.732] [main/INFO] [cpw.mods.modlauncher.LaunchServiceHandler/MODLAUNCHER]: Launching target 'fmlserver' with arguments [--gameDir, ., nogui]
[08Jan2026 02:38:55.774] [main/INFO] [opotato/]: Mod Artifacts-1.16.5-2.10.6.jar loaded!
[08Jan2026 02:38:55.775] [main/INFO] [opotato/]: Mod Bountiful Baubles FORGE-1.16.3-0.0.2.jar loaded!
[08Jan2026 02:38:55.775] [main/INFO] [opotato/]: Mod Chunky-1.2.123.jar loaded!
[08Jan2026 02:38:55.775] [main/INFO] [opotato/]: Mod CosmeticArmorReworked-1.16.5-v5a.jar loaded!
[08Jan2026 02:38:55.778] [main/INFO] [opotato/]: Mod Croparia-1.16.5-3.4.1.jar loaded!
[08Jan2026 02:38:55.778] [main/INFO] [opotato/]: Mod Cucumber-1.16.5-4.1.12.jar loaded!
[08Jan2026 02:38:55.778] [main/INFO] [opotato/]: Mod DungeonCrawl-1.16.5-2.3.12.jar loaded!
[08Jan2026 02:38:55.778] [main/INFO] [opotato/]: Mod DungeonsArise-1.16.5-2.1.49-beta.jar loaded!
[08Jan2026 02:38:55.778] [main/INFO] [opotato/]: Mod FallingTree-1.16.5-2.11.7.jar loaded!
[08Jan2026 02:38:55.778] [main/INFO] [opotato/]: Mod FpsReducer-forge-1.24-mc1.16.5.jar loaded!
[08Jan2026 02:38:55.778] [main/INFO] [opotato/]: Mod Hwyla-forge-1.10.11-B78_1.16.2.jar loaded!
[08Jan2026 02:38:55.779] [main/INFO] [opotato/]: Mod JustEnoughResources-1.16.5-0.12.2.216.jar loaded!
[08Jan2026 02:38:55.779] [main/INFO] [opotato/]: Mod Ksyxis-1.3.4.jar loaded!
[08Jan2026 02:38:55.779] [main/INFO] [opotato/]: Mod Mantle-1.16.5-1.6.157.jar loaded!
[08Jan2026 02:38:55.779] [main/INFO] [opotato/]: Mod MoreEnchantments_MC_1.16.4_Vers.1.4.1.jar loaded!
[08Jan2026 02:38:55.779] [main/INFO] [opotato/]: Mod Morpheus-1.16.5-4.2.70.jar loaded!
[08Jan2026 02:38:55.779] [main/INFO] [opotato/]: Mod MysticalAgriculture-1.16.5-4.2.6.jar loaded!
[08Jan2026 02:38:55.780] [main/INFO] [opotato/]: Mod NaturesCompass-1.16.5-1.9.1-forge.jar loaded!
[08Jan2026 02:38:55.780] [main/INFO] [opotato/]: Mod NoChatLagForge-1.1.0-1.16.jar loaded!
[08Jan2026 02:38:55.780] [main/INFO] [opotato/]: Mod OnlyLooking-1.16.5-1.0.0.jar loaded!
[08Jan2026 02:38:55.781] [main/INFO] [opotato/]: Mod Patchouli-1.16.4-53.3.jar loaded!
[08Jan2026 02:38:55.781] [main/INFO] [opotato/]: Mod SimpleCoreLib-1.16.5-2.0.8.22.jar loaded!
[08Jan2026 02:38:55.782] [main/INFO] [opotato/]: Mod SimpleOres2-1.16.5-2.4.7.2.jar loaded!
[08Jan2026 02:38:55.782] [main/INFO] [opotato/]: Mod Stemaria-1.16.5-1.0.jar loaded!
[08Jan2026 02:38:55.782] [main/INFO] [opotato/]: Mod TConstruct-1.16.5-3.3.4.335.jar loaded!
[08Jan2026 02:38:55.782] [main/INFO] [opotato/]: Mod VampiresNeedUmbrellas-1.16.5-1.1.5.jar loaded!
[08Jan2026 02:38:55.783] [main/INFO] [opotato/]: Mod Vampirism-1.16.5-1.9.10.jar loaded!
[08Jan2026 02:38:55.783] [main/INFO] [opotato/]: Mod VampirismIntegrations-1.16.5-1.6.1.jar loaded!
[08Jan2026 02:38:55.784] [main/INFO] [opotato/]: Mod Waystones_1.16.5-7.6.4.jar loaded!
[08Jan2026 02:38:55.784] [main/INFO] [opotato/]: Mod Werewolves-1.16.5-1.1.0.3.jar loaded!
[08Jan2026 02:38:55.785] [main/INFO] [opotato/]: Mod XaerosWorldMap_1.40.2_Forge_1.16.5.jar loaded!
[08Jan2026 02:38:55.785] [main/INFO] [opotato/]: Mod Xaeros_Minimap_25.3.2_Forge_1.16.5.jar loaded!
[08Jan2026 02:38:55.786] [main/INFO] [opotato/]: Mod [1.16.5] SecurityCraft v1.10.1.jar loaded!
[08Jan2026 02:38:55.787] [main/INFO] [opotato/]: Mod architectury-1.32.68.jar loaded!
[08Jan2026 02:38:55.787] [main/INFO] [opotato/]: Mod baubles-1.8.7.1-1.16.5.jar loaded!
[08Jan2026 02:38:55.788] [main/INFO] [opotato/]: Mod bettervillage-forge-1.16.5-3.3.1.jar loaded!
[08Jan2026 02:38:55.788] [main/INFO] [opotato/]: Mod carryon-1.16.5-1.15.6.24.jar loaded!
[08Jan2026 02:38:55.789] [main/INFO] [opotato/]: Mod castle_dungeons-3.3-1.16.5-forge.jar loaded!
[08Jan2026 02:38:55.789] [main/INFO] [opotato/]: Mod citadel-1.8.1-1.16.5.jar loaded!
[08Jan2026 02:38:55.790] [main/INFO] [opotato/]: Mod collective-1.16.5-5.49.jar loaded!
[08Jan2026 02:38:55.791] [main/INFO] [opotato/]: Mod curios-forge-1.16.5-4.1.0.0.jar loaded!
[08Jan2026 02:38:55.791] [main/INFO] [opotato/]: Mod dungeons_1.10.3_mc1.16.5.jar loaded!
[08Jan2026 02:38:55.791] [main/INFO] [opotato/]: Mod dungeons_enhanced-1.16.5-1.9.2.jar loaded!
[08Jan2026 02:38:55.791] [main/INFO] [opotato/]: Mod elevatorid-1.16.5-1.7.13.jar loaded!
[08Jan2026 02:38:55.791] [main/INFO] [opotato/]: Mod embeddium-0.3.18+mc1.16.5.jar loaded!
[08Jan2026 02:38:55.794] [main/INFO] [opotato/]: Mod embeddiumextras-1.16.5-1.12.0.jar loaded!
[08Jan2026 02:38:55.794] [main/INFO] [opotato/]: Mod entitycollisionfpsfix-1.16-1.0.1.jar loaded!
[08Jan2026 02:38:55.794] [main/INFO] [opotato/]: Mod expandability-2.0.1-forge.jar loaded!
[08Jan2026 02:38:55.794] [main/INFO] [opotato/]: Mod ferritecore-2.1.1-forge.jar loaded!
[08Jan2026 02:38:55.794] [main/INFO] [opotato/]: Mod forge-1.16.5-36.2.42-server.jar loaded!
[08Jan2026 02:38:55.794] [main/INFO] [opotato/]: Mod forge-1.16.5-36.2.42-universal.jar loaded!
[08Jan2026 02:38:55.794] [main/INFO] [opotato/]: Mod francium-1.16.5-1.0.1.jar loaded!
[08Jan2026 02:38:55.794] [main/INFO] [opotato/]: Mod geckolib-forge-1.16.5-3.0.106.jar loaded!
[08Jan2026 02:38:55.795] [main/INFO] [opotato/]: Mod gemsplusplus-1.16.5-1.8.5.jar loaded!
[08Jan2026 02:38:55.795] [main/INFO] [opotato/]: Mod iceandfire-2.1.12-1.16.5-patch-1.jar loaded!
[08Jan2026 02:38:55.795] [main/INFO] [opotato/]: Mod inventorysorter-1.16.1-18.1.0.jar loaded!
[08Jan2026 02:38:55.795] [main/INFO] [opotato/]: Mod ironchest-1.16.5-11.2.21.jar loaded!
[08Jan2026 02:38:55.795] [main/INFO] [opotato/]: Mod ironfurnaces-1.16.5-2.7.7.jar loaded!
[08Jan2026 02:38:55.796] [main/INFO] [opotato/]: Mod jei-1.16.5-7.8.0.1013.jar loaded!
[08Jan2026 02:38:55.796] [main/INFO] [opotato/]: Mod lazydfu-0.1.3.jar loaded!
[08Jan2026 02:38:55.796] [main/INFO] [opotato/]: Mod libraryferret-forge-1.16.5-4.0.0.jar loaded!
[08Jan2026 02:38:55.796] [main/INFO] [opotato/]: Mod modernfix-forge-5.18.0+mc1.16.5.jar loaded!
[08Jan2026 02:38:55.796] [main/INFO] [opotato/]: Mod morevanillaarmor-1.16.4-1.2.6.jar loaded!
[08Jan2026 02:38:55.797] [main/INFO] [opotato/]: Mod morevanillalib-1.16.4-1.4.1.jar loaded!
[08Jan2026 02:38:55.798] [main/INFO] [opotato/]: Mod mowziesmobs-1.5.27.jar loaded!
[08Jan2026 02:38:55.798] [main/INFO] [opotato/]: Mod opotato-1.16.5-2.3.0.jar loaded!
[08Jan2026 02:38:55.798] [main/INFO] [opotato/]: Mod repurposed_structures_forge-3.4.7+1.16.5.jar loaded!
[08Jan2026 02:38:55.798] [main/INFO] [opotato/]: Mod smoothchunk1.16.5-2.0.jar loaded!
[08Jan2026 02:38:55.798] [main/INFO] [opotato/]: Mod structure_gel-1.16.5-1.7.8.jar loaded!
[08Jan2026 02:38:55.798] [main/INFO] [opotato/]: Mod supertools-1.16.5-4.5.jar loaded!
[08Jan2026 02:38:55.799] [main/INFO] [opotato/]: Mod textrue_embeddium_options-0.1.2+mc1.16.5.jar loaded!
[08Jan2026 02:38:55.799] [main/INFO] [opotato/]: Mod tombstone-1.16.5-6.9.7.jar loaded!
[08Jan2026 02:38:55.799] [main/INFO] [opotato/]: Mod towers_of_the_wild-1.16.4-2.0.1.jar loaded!
[08Jan2026 02:38:55.799] [main/INFO] [opotato/]: Mod u_team_core-forge-1.16.5-3.2.1.378.jar loaded!
[08Jan2026 02:38:55.799] [main/INFO] [opotato/]: Mod useful_backpacks-1.16.5-1.12.1.103.jar loaded!
[08Jan2026 02:38:55.800] [main/INFO] [opotato/]: Mod useless-sword-1.16.5-V1.3.7.jar loaded!
[08Jan2026 02:38:55.800] [main/INFO] [opotato/]: Mod vampiricageing-1.16.5-1.3.19.jar loaded!
[08Jan2026 02:38:55.800] [main/INFO] [opotato/]: Mod xaerolib-forge-1.16.5-1.0.44.jar loaded!
[08Jan2026 02:38:55.806] [main/INFO] [opotato/]: Loaded configuration file for Opotato: 37 options available, 0 override(s) found
[08Jan2026 02:38:56.016] [main/INFO] [ModernFix/]: Loaded configuration file for ModernFix 5.18.0+mc1.16.5: 89 options available, 0 override(s) found
[08Jan2026 02:38:56.849] [main/INFO] [ModernFix/]: Applied Forge config corruption patch
[08Jan2026 02:38:56.877] [main/INFO] [com.teampotato.redirector.Redirector/]: Redirecting org/embeddedt/modernfix/forge/shadow/mixinextras/service/MixinExtrasVersion
[08Jan2026 02:38:56.994] [main/INFO] [Embeddium/]: Loaded configuration file for Embeddium: 111 options available, 0 override(s) found
[08Jan2026 02:38:57.067] [main/INFO] [com.teampotato.redirector.Redirector/]: Redirecting me/kall/embeddiumextras/mixinextras/service/MixinExtrasVersion
[08Jan2026 02:38:57.081] [main/INFO] [com.teampotato.redirector.Redirector/]: Redirecting me/kall/embeddiumextras/mixinextras/lib/semver/VersionParser$CharType
[08Jan2026 02:38:57.854] [main/WARN] [mixin/]: Error loading class: xaero/common/patreon/Patreon (java.lang.ClassNotFoundException: null)
[08Jan2026 02:38:57.855] [main/WARN] [mixin/]: @Mixin target xaero.common.patreon.Patreon was not found opotato.mixins.json:opotato.xaerominimap.MixinPatreon
[08Jan2026 02:38:57.856] [main/WARN] [mixin/]: Error loading class: xaero/map/patreon/Patreon (java.lang.ClassNotFoundException: null)
[08Jan2026 02:38:57.859] [main/WARN] [mixin/]: @Mixin target xaero.map.patreon.Patreon was not found opotato.mixins.json:opotato.xaeroworldmap.MixinPatreon
[08Jan2026 02:38:58.697] [main/INFO] [com.teampotato.redirector.Redirector/]: Redirecting net/minecraft/util/Unit
[08Jan2026 02:38:58.721] [main/INFO] [com.teampotato.redirector.Redirector/]: Redirecting com/mojang/datafixers/util/Unit
[08Jan2026 02:38:58.731] [main/INFO] [MixinExtras|Service/]: Initializing MixinExtras via me.kall.embeddiumextras.mixinextras.service.MixinExtrasServiceImpl(version=0.5.0).
[08Jan2026 02:38:58.894] [main/INFO] [net.minecraft.util.registry.Bootstrap/]: ModernFix reached bootstrap stage (7.296 s after launch)
[08Jan2026 02:38:58.945] [main/INFO] [com.teampotato.redirector.Redirector/]: Redirecting net/minecraft/util/Util$IdentityStrategy
[08Jan2026 02:38:59.577] [main/INFO] [com.teampotato.redirector.Redirector/]: Redirecting net/minecraft/util/Direction
[08Jan2026 02:38:59.579] [main/INFO] [com.teampotato.redirector.Redirector/]: Redirecting net/minecraft/util/Direction$AxisDirection
[08Jan2026 02:38:59.580] [main/INFO] [com.teampotato.redirector.Redirector/]: Redirecting net/minecraft/util/Direction$Axis
[08Jan2026 02:38:59.653] [main/INFO] [com.teampotato.redirector.Redirector/]: Redirecting net/minecraft/block/material/PushReaction
[08Jan2026 02:38:59.825] [main/INFO] [FerriteCore - class definer/]: Using Java 9+ class definer
[08Jan2026 02:38:59.837] [main/INFO] [com.teampotato.redirector.Redirector/]: Redirecting net/minecraft/util/Direction$Plane
[08Jan2026 02:38:59.838] [main/INFO] [com.teampotato.redirector.Redirector/]: Redirecting net/minecraft/world/gen/feature/jigsaw/JigsawOrientation
[08Jan2026 02:38:59.844] [main/INFO] [com.teampotato.redirector.Redirector/]: Redirecting net/minecraft/state/properties/AttachFace
[08Jan2026 02:38:59.845] [main/INFO] [com.teampotato.redirector.Redirector/]: Redirecting net/minecraft/state/properties/BellAttachment
[08Jan2026 02:38:59.845] [main/INFO] [com.teampotato.redirector.Redirector/]: Redirecting net/minecraft/block/WallHeight
[08Jan2026 02:38:59.846] [main/INFO] [com.teampotato.redirector.Redirector/]: Redirecting net/minecraft/state/properties/RedstoneSide
[08Jan2026 02:38:59.847] [main/INFO] [com.teampotato.redirector.Redirector/]: Redirecting net/minecraft/state/properties/DoubleBlockHalf
[08Jan2026 02:38:59.848] [main/INFO] [com.teampotato.redirector.Redirector/]: Redirecting net/minecraft/state/properties/Half
[08Jan2026 02:38:59.848] [main/INFO] [com.teampotato.redirector.Redirector/]: Redirecting net/minecraft/state/properties/RailShape
[08Jan2026 02:38:59.850] [main/INFO] [com.teampotato.redirector.Redirector/]: Redirecting net/minecraft/state/properties/BedPart
[08Jan2026 02:38:59.850] [main/INFO] [com.teampotato.redirector.Redirector/]: Redirecting net/minecraft/state/properties/ChestType
[08Jan2026 02:38:59.851] [main/INFO] [com.teampotato.redirector.Redirector/]: Redirecting net/minecraft/state/properties/ComparatorMode
[08Jan2026 02:38:59.852] [main/INFO] [com.teampotato.redirector.Redirector/]: Redirecting net/minecraft/state/properties/DoorHingeSide
[08Jan2026 02:38:59.855] [main/INFO] [com.teampotato.redirector.Redirector/]: Redirecting net/minecraft/state/properties/NoteBlockInstrument
[08Jan2026 02:38:59.856] [main/INFO] [com.teampotato.redirector.Redirector/]: Redirecting net/minecraft/state/properties/PistonType
[08Jan2026 02:38:59.857] [main/INFO] [com.teampotato.redirector.Redirector/]: Redirecting net/minecraft/state/properties/SlabType
[08Jan2026 02:38:59.857] [main/INFO] [com.teampotato.redirector.Redirector/]: Redirecting net/minecraft/state/properties/StairsShape
[08Jan2026 02:38:59.859] [main/INFO] [com.teampotato.redirector.Redirector/]: Redirecting net/minecraft/state/properties/StructureMode
[08Jan2026 02:38:59.860] [main/INFO] [com.teampotato.redirector.Redirector/]: Redirecting net/minecraft/state/properties/BambooLeaves
[08Jan2026 02:38:59.982] [main/INFO] [com.teampotato.redirector.Redirector/]: Redirecting net/minecraft/item/DyeColor
[08Jan2026 02:39:00.110] [main/INFO] [com.teampotato.redirector.Redirector/]: Redirecting net/minecraft/potion/EffectType
[08Jan2026 02:39:00.111] [main/INFO] [com.teampotato.redirector.Redirector/]: Redirecting net/minecraft/util/text/TextFormatting
[08Jan2026 02:39:00.117] [main/INFO] [com.teampotato.redirector.Redirector/]: Redirecting net/minecraft/entity/ai/attributes/AttributeModifier$Operation
[08Jan2026 02:39:00.231] [main/INFO] [com.teampotato.redirector.Redirector/]: Redirecting net/minecraft/block/PressurePlateBlock$Sensitivity
[08Jan2026 02:39:00.327] [main/INFO] [com.teampotato.redirector.Redirector/]: Redirecting net/minecraft/block/SkullBlock$Types
[08Jan2026 02:39:00.528] [main/INFO] [com.teampotato.redirector.Redirector/]: Redirecting net/minecraft/world/gen/Heightmap$Type
[08Jan2026 02:39:00.529] [main/INFO] [com.teampotato.redirector.Redirector/]: Redirecting net/minecraft/world/gen/Heightmap$Usage
[08Jan2026 02:39:00.559] [main/INFO] [com.teampotato.redirector.Redirector/]: Redirecting net/minecraft/entity/EntityClassification
[08Jan2026 02:39:00.677] [main/INFO] [com.teampotato.redirector.Redirector/]: Redirecting net/minecraft/entity/ai/goal/Goal$Flag
[08Jan2026 02:39:00.996] [main/INFO] [com.teampotato.redirector.Redirector/]: Redirecting net/minecraft/world/gen/GenerationStage$Carving
[08Jan2026 02:39:01.039] [main/INFO] [com.teampotato.redirector.Redirector/]: Redirecting net/minecraft/world/gen/GenerationStage$Decoration
[08Jan2026 02:39:01.040] [main/INFO] [com.teampotato.redirector.Redirector/]: Redirecting net/minecraft/world/gen/feature/structure/MineshaftStructure$Type
[08Jan2026 02:39:01.042] [main/INFO] [com.teampotato.redirector.Redirector/]: Redirecting net/minecraft/world/gen/feature/structure/RuinedPortalStructure$Location
[08Jan2026 02:39:01.044] [main/INFO] [com.teampotato.redirector.Redirector/]: Redirecting net/minecraft/world/gen/feature/structure/OceanRuinStructure$Type
[08Jan2026 02:39:01.070] [main/INFO] [com.teampotato.redirector.Redirector/]: Redirecting net/minecraft/world/gen/feature/jigsaw/JigsawPattern$PlacementBehaviour
[08Jan2026 02:39:01.108] [main/INFO] [com.teampotato.redirector.Redirector/]: Redirecting net/minecraft/tileentity/JigsawTileEntity$OrientationType
[08Jan2026 02:39:01.134] [main/INFO] [com.teampotato.redirector.Redirector/]: Redirecting net/minecraft/world/biome/Biome$TemperatureModifier
[08Jan2026 02:39:01.136] [main/INFO] [com.teampotato.redirector.Redirector/]: Redirecting net/minecraft/world/biome/Biome$RainType
[08Jan2026 02:39:01.137] [main/INFO] [com.teampotato.redirector.Redirector/]: Redirecting net/minecraft/world/biome/Biome$Category
[08Jan2026 02:39:01.139] [main/INFO] [com.teampotato.redirector.Redirector/]: Redirecting net/minecraft/world/biome/BiomeAmbience$GrassColorModifier
[08Jan2026 02:39:01.222] [main/INFO] [com.teampotato.redirector.Redirector/]: Redirecting net/minecraft/inventory/EquipmentSlotType
[08Jan2026 02:39:01.223] [main/INFO] [com.teampotato.redirector.Redirector/]: Redirecting net/minecraft/inventory/EquipmentSlotType$Group
[08Jan2026 02:39:01.223] [main/INFO] [com.teampotato.redirector.Redirector/]: Redirecting net/minecraft/enchantment/Enchantment$Rarity
[08Jan2026 02:39:01.224] [main/INFO] [com.teampotato.redirector.Redirector/]: Redirecting net/minecraft/enchantment/ProtectionEnchantment$Type
[08Jan2026 02:39:01.224] [main/INFO] [com.teampotato.redirector.Redirector/]: Redirecting net/minecraft/enchantment/EnchantmentType
[08Jan2026 02:39:01.322] [main/INFO] [com.teampotato.redirector.Redirector/]: Redirecting net/minecraft/item/Rarity
[08Jan2026 02:39:01.348] [main/INFO] [com.teampotato.redirector.Redirector/]: Redirecting net/minecraft/item/ArmorMaterial
[08Jan2026 02:39:01.363] [main/INFO] [com.teampotato.redirector.Redirector/]: Redirecting net/minecraft/item/ItemTier
[08Jan2026 02:39:01.371] [main/INFO] [com.teampotato.redirector.Redirector/]: Redirecting net/minecraft/entity/item/minecart/AbstractMinecartEntity$Type
[08Jan2026 02:39:01.373] [main/INFO] [com.teampotato.redirector.Redirector/]: Redirecting net/minecraft/entity/item/BoatEntity$Type
[08Jan2026 02:39:01.392] [main/INFO] [com.teampotato.redirector.Redirector/]: Redirecting net/minecraft/tileentity/BannerPattern
[08Jan2026 02:39:01.427] [main/INFO] [com.teampotato.redirector.Redirector/]: Redirecting net/minecraft/scoreboard/ScoreCriteria$RenderType
[08Jan2026 02:39:01.440] [main/INFO] [com.teampotato.redirector.Redirector/]: Redirecting net/minecraft/world/chunk/ChunkStatus$Type
[08Jan2026 02:39:01.670] [main/INFO] [com.teampotato.redirector.Redirector/]: Redirecting com/mojang/brigadier/arguments/StringArgumentType$StringType
[08Jan2026 02:39:01.714] [main/INFO] [net.minecraft.util.registry.Bootstrap/]: Vanilla bootstrap took 2817 milliseconds
[08Jan2026 02:39:01.753] [main/INFO] [com.teampotato.redirector.Redirector/]: Redirecting net/minecraftforge/fml/LogicalSidedProvider
[08Jan2026 02:39:01.829] [main/INFO] [com.teampotato.redirector.Redirector/]: Redirecting net/minecraftforge/fml/network/NetworkDirection
[08Jan2026 02:39:01.831] [main/INFO] [com.teampotato.redirector.Redirector/]: Redirecting net/minecraftforge/fml/LogicalSide
[08Jan2026 02:39:01.857] [main/INFO] [com.teampotato.redirector.Redirector/]: Redirecting net/minecraftforge/fml/config/ModConfig$Type
[08Jan2026 02:39:01.875] [main/INFO] [com.teampotato.redirector.Redirector/]: Redirecting net/minecraftforge/fml/ModLoadingStage
[08Jan2026 02:39:01.878] [main/INFO] [com.teampotato.redirector.Redirector/]: Redirecting net/minecraftforge/fml/ModLoadingStage$ThreadSelector
[08Jan2026 02:39:01.927] [main/INFO] [net.minecraftforge.registries.GameData/]: Potentially Dangerous alternative prefix `citadel` for name `debug`, expected `minecraft`. This could be a intended override, but in most cases indicates a broken mod.
[08Jan2026 02:39:01.929] [main/INFO] [net.minecraftforge.registries.GameData/]: Potentially Dangerous alternative prefix `citadel` for name `citadel_book`, expected `minecraft`. This could be a intended override, but in most cases indicates a broken mod.
[08Jan2026 02:39:01.930] [main/INFO] [net.minecraftforge.registries.GameData/]: Potentially Dangerous alternative prefix `citadel` for name `effect_item`, expected `minecraft`. This could be a intended override, but in most cases indicates a broken mod.
[08Jan2026 02:39:01.932] [main/INFO] [net.minecraftforge.registries.GameData/]: Potentially Dangerous alternative prefix `citadel` for name `fancy_item`, expected `minecraft`. This could be a intended override, but in most cases indicates a broken mod.
[08Jan2026 02:39:01.994] [main/INFO] [com.teampotato.redirector.Redirector/]: Redirecting slimeknights/tconstruct/smeltery/block/component/SearedTankBlock$TankType
[08Jan2026 02:39:01.994] [main/INFO] [com.teampotato.redirector.Redirector/]: Redirecting slimeknights/tconstruct/shared/block/SlimeType
[08Jan2026 02:39:01.995] [main/INFO] [com.teampotato.redirector.Redirector/]: Redirecting slimeknights/tconstruct/gadgets/entity/FrameType
[08Jan2026 02:39:02.149] [modloading-worker-2/INFO] [com.teampotato.redirector.Redirector/]: Redirecting com/bobmowzie/mowziesmobs/server/creativetab/CreativeTabHandler
[08Jan2026 02:39:02.166] [modloading-worker-0/INFO] [com.teampotato.redirector.Redirector/]: Redirecting net/minecraft/command/Commands$EnvironmentType
[08Jan2026 02:39:02.221] [modloading-worker-1/INFO] [com.jtorleonstudios.libraryferret.LibraryFerret/]: Initialize mod Library Ferret
[08Jan2026 02:39:02.269] [modloading-worker-0/INFO] [com.teampotato.redirector.Redirector/]: Redirecting net/minecraft/util/Hand
[08Jan2026 02:39:02.270] [modloading-worker-0/INFO] [com.teampotato.redirector.Redirector/]: Redirecting net/minecraft/item/UseAction
[08Jan2026 02:39:02.270] [modloading-worker-1/INFO] [com.jtorleonstudios.libraryferret.LibraryFerret/]: Initialized mod Library Ferret
[08Jan2026 02:39:02.271] [modloading-worker-1/INFO] [com.teampotato.redirector.Redirector/]: Redirecting net/minecraftforge/fml/common/Mod$EventBusSubscriber$Bus
[08Jan2026 02:39:02.270] [modloading-worker-0/INFO] [com.teampotato.redirector.Redirector/]: Redirecting net/minecraft/util/ActionResultType
[08Jan2026 02:39:02.275] [modloading-worker-0/INFO] [com.teampotato.redirector.Redirector/]: Redirecting net/minecraft/util/math/RayTraceContext$FluidMode
[08Jan2026 02:39:02.285] [modloading-worker-1/INFO] [com.teampotato.redirector.Redirector/]: Redirecting net/blay09/mods/waystones/config/WorldGenStyle
[08Jan2026 02:39:02.286] [modloading-worker-1/INFO] [com.teampotato.redirector.Redirector/]: Redirecting net/blay09/mods/waystones/worldgen/namegen/NameGenerationMode
[08Jan2026 02:39:02.303] [modloading-worker-1/INFO] [com.teampotato.redirector.Redirector/]: Redirecting net/blay09/mods/waystones/config/DimensionalWarp
[08Jan2026 02:39:02.329] [modloading-worker-0/INFO] [com.teampotato.redirector.Redirector/]: Redirecting net/minecraftforge/event/TickEvent$Phase
[08Jan2026 02:39:02.330] [modloading-worker-3/INFO] [xaero.lib.XaeroLib/]: Registering common data for channel xaerolib:main!
[08Jan2026 02:39:02.331] [modloading-worker-0/INFO] [com.teampotato.redirector.Redirector/]: Redirecting net/minecraftforge/event/TickEvent$Type
[08Jan2026 02:39:02.346] [modloading-worker-3/INFO] [xaero.lib.XaeroLib/]: Loading primary common config for channel xaerolib:main!
[08Jan2026 02:39:02.349] [modloading-worker-3/INFO] [xaero.lib.XaeroLib/]: Loading server config profiles for channel xaerolib:main!
[08Jan2026 02:39:02.351] [modloading-worker-2/INFO] [com.teampotato.redirector.Redirector/]: Redirecting net/minecraft/entity/Pose
[08Jan2026 02:39:02.356] [modloading-worker-1/INFO] [xaero.map.WorldMap/]: Registering common data for channel xaeroworldmap:main!
[08Jan2026 02:39:02.394] [modloading-worker-1/INFO] [xaero.map.WorldMap/]: Loading primary common config for channel xaeroworldmap:main!
[08Jan2026 02:39:02.415] [modloading-worker-1/INFO] [xaero.map.WorldMap/]: Loading server config profiles for channel xaeroworldmap:main!
[08Jan2026 02:39:02.444] [modloading-worker-2/INFO] [com.teampotato.redirector.Redirector/]: Redirecting mezz/jei/network/PacketIdServer
[08Jan2026 02:39:02.453] [modloading-worker-0/INFO] [com.teampotato.redirector.Redirector/]: Redirecting com/chaosthedude/naturescompass/client/OverlaySide
[08Jan2026 02:39:02.481] [modloading-worker-3/INFO] [Dungeon Crawl/]: Here we go! Launching Dungeon Crawl 2.3.12...
[08Jan2026 02:39:02.620] [modloading-worker-3/INFO] [com.teampotato.redirector.Redirector/]: Redirecting info/u_team/u_team_core/util/verify/JarSignVerifier$VerifyStatus
[08Jan2026 02:39:02.622] [modloading-worker-3/INFO] [JarSignVerifier/]: Mod uteamcore is signed with a valid certificate.
[08Jan2026 02:39:02.660] [modloading-worker-0/INFO] [net.minecraftforge.common.ForgeMod/FORGEMOD]: Forge mod loading, version 36.2.42, for MC 1.16.5 with MCP 20210115.111550
[08Jan2026 02:39:02.661] [modloading-worker-0/INFO] [net.minecraftforge.common.MinecraftForge/FORGE]: MinecraftForge v36.2.42 Initialized
[08Jan2026 02:39:02.793] [modloading-worker-1/INFO] [mod.alexndr.simpleores.SimpleOres/]: Hello from Simple Ores!
[08Jan2026 02:39:02.825] [modloading-worker-3/INFO] [com.teampotato.redirector.Redirector/]: Redirecting com/progwml6/ironchest/common/item/IronChestsUpgradeType
[08Jan2026 02:39:02.826] [modloading-worker-3/INFO] [com.teampotato.redirector.Redirector/]: Redirecting com/progwml6/ironchest/common/block/IronChestsTypes
[08Jan2026 02:39:02.977] [modloading-worker-0/INFO] [Mystical Agriculture/]: Registered plugin: com.blakebr0.mysticalagriculture.lib.ModCorePlugin
[08Jan2026 02:39:03.001] [modloading-worker-0/INFO] [com.teampotato.redirector.Redirector/]: Redirecting slimeknights/tconstruct/library/utils/Orientation2D
[08Jan2026 02:39:03.004] [modloading-worker-0/INFO] [com.teampotato.redirector.Redirector/]: Redirecting slimeknights/tconstruct/library/utils/Orientation2D$Orientation1D
[08Jan2026 02:39:03.007] [modloading-worker-0/INFO] [com.teampotato.redirector.Redirector/]: Redirecting slimeknights/tconstruct/world/TinkerHeadType
[08Jan2026 02:39:03.015] [modloading-worker-0/INFO] [com.teampotato.redirector.Redirector/]: Redirecting slimeknights/tconstruct/shared/block/ClearStainedGlassBlock$GlassColor
[08Jan2026 02:39:03.020] [modloading-worker-2/INFO] [com.teampotato.redirector.Redirector/]: Redirecting com/github/alexthe666/iceandfire/enums/EnumDragonEgg
[08Jan2026 02:39:03.110] [modloading-worker-3/INFO] [JarSignVerifier/]: Mod usefulbackpacks is signed with a valid certificate.
[08Jan2026 02:39:03.136] [modloading-worker-3/INFO] [com.teampotato.redirector.Redirector/]: Redirecting info/u_team/useful_backpacks/type/Backpack
[08Jan2026 02:39:03.200] [modloading-worker-2/INFO] [com.teampotato.redirector.Redirector/]: Redirecting com/github/alexthe666/iceandfire/enums/EnumDragonArmor
[08Jan2026 02:39:03.205] [modloading-worker-2/INFO] [com.teampotato.redirector.Redirector/]: Redirecting com/github/alexthe666/iceandfire/enums/EnumSeaSerpent
[08Jan2026 02:39:03.213] [modloading-worker-2/INFO] [com.teampotato.redirector.Redirector/]: Redirecting com/github/alexthe666/iceandfire/enums/EnumSkullType
[08Jan2026 02:39:03.236] [modloading-worker-2/INFO] [com.teampotato.redirector.Redirector/]: Redirecting com/github/alexthe666/iceandfire/enums/EnumParticles
[08Jan2026 02:39:03.325] [modloading-worker-2/INFO] [mod.alexndr.simplecorelib.SimpleCoreLib/]: Hello from SimpleCoreLib!
[08Jan2026 02:39:03.341] [modloading-worker-2/INFO] [com._idrae.towers_of_the_wild.TowersOfTheWild/]: tower structure registered
[08Jan2026 02:39:03.343] [modloading-worker-2/INFO] [com._idrae.towers_of_the_wild.TowersOfTheWild/]: ice_tower structure registered
[08Jan2026 02:39:03.346] [modloading-worker-2/INFO] [com._idrae.towers_of_the_wild.TowersOfTheWild/]: jungle_tower structure registered
[08Jan2026 02:39:03.346] [modloading-worker-2/INFO] [com._idrae.towers_of_the_wild.TowersOfTheWild/]: derelict_tower structure registered
[08Jan2026 02:39:03.346] [modloading-worker-2/INFO] [com._idrae.towers_of_the_wild.TowersOfTheWild/]: derelict_grass_tower structure registered
[08Jan2026 02:39:03.347] [modloading-worker-2/INFO] [com._idrae.towers_of_the_wild.TowersOfTheWild/]: ocean_tower structure registered
[08Jan2026 02:39:03.347] [modloading-worker-2/INFO] [com._idrae.towers_of_the_wild.TowersOfTheWild/]: ocean_warm_tower structure registered
[08Jan2026 02:39:03.352] [modloading-worker-2/INFO] [Ksyxis/MOD_KSYXIS]: Ksyxis: Booting... (platform: Forge/KForge, manual: false)
[08Jan2026 02:39:03.352] [modloading-worker-2/INFO] [Ksyxis/MOD_KSYXIS]: Ksyxis: Ready. As always, this mod will speed up your world loading and might or might not break it. (mixinVersion: 0.8.4, time: 0 ms)
[08Jan2026 02:39:03.368] [modloading-worker-3/INFO] [ironfurnaces.IronFurnaces/]: Initializing Update Checker...
[08Jan2026 02:39:03.370] [ Iron Furnaces Update Checker/INFO] [ironfurnaces.IronFurnaces/]: Starting Update Check...
[08Jan2026 02:39:03.385] [modloading-worker-3/INFO] [com.teampotato.redirector.Redirector/]: Redirecting top/theillusivec4/curios/client/CuriosClientConfig$Client$ButtonCorner
[08Jan2026 02:39:03.390] [modloading-worker-2/INFO] [com.teampotato.redirector.Redirector/]: Redirecting net/minecraft/world/biome/ColumnFuzzedBiomeMagnifier
[08Jan2026 02:39:03.393] [modloading-worker-2/INFO] [com.teampotato.redirector.Redirector/]: Redirecting net/minecraft/world/biome/FuzzedBiomeMagnifier
[08Jan2026 02:39:03.401] [modloading-worker-3/INFO] [com.teampotato.redirector.Redirector/]: Redirecting vazkii/patchouli/common/base/PatchouliConfig$TextOverflowMode
[08Jan2026 02:39:03.455] [modloading-worker-3/INFO] [xaero.common.HudMod/]: Registering common data for channel xaerominimap:main!
[08Jan2026 02:39:03.519] [modloading-worker-3/INFO] [xaero.common.HudMod/]: Loading primary common config for channel xaerominimap:main!
[08Jan2026 02:39:03.523] [modloading-worker-3/INFO] [xaero.common.HudMod/]: Loading server config profiles for channel xaerominimap:main!
[08Jan2026 02:39:03.546] [modloading-worker-0/INFO] [com.teampotato.redirector.Redirector/]: Redirecting slimeknights/tconstruct/tools/item/ArmorSlotType
[08Jan2026 02:39:03.562] [modloading-worker-3/INFO] [com.teampotato.redirector.Redirector/]: Redirecting ovh/corail/tombstone/api/cooldown/CooldownType
[08Jan2026 02:39:03.695] [modloading-worker-3/INFO] [com.teampotato.redirector.Redirector/]: Redirecting ovh/corail/tombstone/item/ItemScrollBuff$SpellBuff
[08Jan2026 02:39:03.727] [ Iron Furnaces Update Checker/INFO] [ironfurnaces.IronFurnaces/]: Update Check done!
[08Jan2026 02:39:03.731] [ Iron Furnaces Update Checker/INFO] [ironfurnaces.IronFurnaces/]: Iron Furnaces is up to date!
[08Jan2026 02:39:03.754] [modloading-worker-3/INFO] [com.teampotato.redirector.Redirector/]: Redirecting ovh/corail/tombstone/helper/DamageCategory
[08Jan2026 02:39:03.757] [modloading-worker-0/INFO] [com.teampotato.redirector.Redirector/]: Redirecting slimeknights/tconstruct/shared/network/GeneratePartTexturesPacket$Operation
[08Jan2026 02:39:03.772] [modloading-worker-0/INFO] [com.teampotato.redirector.Redirector/]: Redirecting slimeknights/tconstruct/tools/network/TinkerControlPacket
[08Jan2026 02:39:03.772] [modloading-worker-0/INFO] [com.teampotato.redirector.Redirector/]: Redirecting slimeknights/tconstruct/tools/network/OnChestplateUsePacket
[08Jan2026 02:39:03.787] [modloading-worker-1/INFO] [com.teampotato.redirector.Redirector/]: Redirecting net/minecraft/entity/SpawnReason
[08Jan2026 02:39:03.795] [modloading-worker-0/INFO] [com.teampotato.redirector.Redirector/]: Redirecting slimeknights/tconstruct/common/Sounds
[08Jan2026 02:39:03.795] [modloading-worker-3/INFO] [com.teampotato.redirector.Redirector/]: Redirecting ovh/corail/tombstone/item/ItemAdvancement$IconType
[08Jan2026 02:39:03.807] [modloading-worker-3/INFO] [com.teampotato.redirector.Redirector/]: Redirecting ovh/corail/tombstone/helper/TimeHelper$SpecialEvent
[08Jan2026 02:39:03.815] [modloading-worker-0/INFO] [com.teampotato.redirector.Redirector/]: Redirecting de/melanx/MoreVanillaArmor/Config$DefaultMaterial
[08Jan2026 02:39:03.832] [modloading-worker-0/INFO] [com.teampotato.redirector.Redirector/]: Redirecting de/melanx/MoreVanillaArmor/items/ArmorTiers
[08Jan2026 02:39:03.838] [modloading-worker-3/INFO] [com.teampotato.redirector.Redirector/]: Redirecting ovh/corail/tombstone/registry/ModTriggers$WololoColor
[08Jan2026 02:39:03.847] [modloading-worker-3/INFO] [com.teampotato.redirector.Redirector/]: Redirecting ovh/corail/tombstone/config/ConfigTombstone$Client$FogDensity
[08Jan2026 02:39:03.847] [modloading-worker-3/INFO] [com.teampotato.redirector.Redirector/]: Redirecting ovh/corail/tombstone/block/GraveModel
[08Jan2026 02:39:03.848] [modloading-worker-3/INFO] [com.teampotato.redirector.Redirector/]: Redirecting ovh/corail/tombstone/block/BlockGraveMarble$MarbleType
[08Jan2026 02:39:03.849] [modloading-worker-3/INFO] [com.teampotato.redirector.Redirector/]: Redirecting ovh/corail/tombstone/config/ConfigTombstone$Client$GraveSkinRule
[08Jan2026 02:39:03.849] [modloading-worker-3/INFO] [com.teampotato.redirector.Redirector/]: Redirecting ovh/corail/tombstone/config/ConfigTombstone$Client$AutoEquipRule
[08Jan2026 02:39:03.850] [modloading-worker-3/INFO] [com.teampotato.redirector.Redirector/]: Redirecting ovh/corail/tombstone/config/ConfigTombstone$Client$MarkerType
[08Jan2026 02:39:03.865] [modloading-worker-0/INFO] [com.teampotato.redirector.Redirector/]: Redirecting me/shedaniel/architectury/utils/Env
[08Jan2026 02:39:03.913] [modloading-worker-3/INFO] [com.teampotato.redirector.Redirector/]: Redirecting ovh/corail/tombstone/config/ConfigTombstone$Enchantments$MagicSiphonOnPlayerRule
[08Jan2026 02:39:03.933] [modloading-worker-3/INFO] [com.teampotato.redirector.Redirector/]: Redirecting net/minecraft/util/SoundCategory
[08Jan2026 02:39:03.986] [modloading-worker-0/INFO] [com.teampotato.redirector.Redirector/]: Redirecting me/shedaniel/architectury/networking/NetworkManager$Side
[08Jan2026 02:39:04.003] [modloading-worker-0/INFO] [com.teampotato.redirector.Redirector/]: Redirecting net/minecraft/resources/ResourcePackType
[08Jan2026 02:39:04.023] [modloading-worker-0/INFO] [com.teampotato.redirector.Redirector/]: Redirecting de/teamlapen/vampirism/config/VampirismConfig$Server$IMobOptions
[08Jan2026 02:39:04.036] [modloading-worker-2/INFO] [com.teampotato.redirector.Redirector/]: Redirecting net/minecraftforge/event/world/NoteBlockEvent$Octave
[08Jan2026 02:39:04.037] [modloading-worker-2/INFO] [com.teampotato.redirector.Redirector/]: Redirecting net/minecraftforge/event/world/NoteBlockEvent$Note
[08Jan2026 02:39:04.039] [modloading-worker-0/INFO] [de.teamlapen.vampirism.config.BalanceConfig/]: IceAndFire is loaded -> Adjusting default fire related configuration.
[08Jan2026 02:39:04.049] [modloading-worker-0/INFO] [com.teampotato.redirector.Redirector/]: Redirecting de/teamlapen/lib/lib/util/IInitListener$Step
[08Jan2026 02:39:04.056] [modloading-worker-3/INFO] [com.teampotato.redirector.Redirector/]: Redirecting ovh/corail/tombstone/block/SoulType
[08Jan2026 02:39:04.075] [modloading-worker-3/INFO] [com.teampotato.redirector.Redirector/]: Redirecting ovh/corail/tombstone/helper/UpdaterHandler$PoolType
[08Jan2026 02:39:04.102] [modloading-worker-3/INFO] [com.teampotato.redirector.Redirector/]: Redirecting fr/raksrinana/fallingtree/forge/config/BreakMode
[08Jan2026 02:39:04.104] [modloading-worker-3/INFO] [com.teampotato.redirector.Redirector/]: Redirecting fr/raksrinana/fallingtree/forge/config/DetectionMode
[08Jan2026 02:39:04.104] [modloading-worker-3/INFO] [com.teampotato.redirector.Redirector/]: Redirecting fr/raksrinana/fallingtree/forge/config/AdjacentStopMode
[08Jan2026 02:39:04.124] [modloading-worker-3/INFO] [expandability/]: ExpandAbility here, who dis?
[08Jan2026 02:39:04.173] [modloading-worker-0/INFO] [com.teampotato.redirector.Redirector/]: Redirecting de/teamlapen/vampirism/api/items/IRefinementItem$AccessorySlotType
[08Jan2026 02:39:04.506] [modloading-worker-0/INFO] [com.teampotato.redirector.Redirector/]: Redirecting de/teamlapen/vampirism/api/entity/player/skills/SkillType
[08Jan2026 02:39:06.463] [main/INFO] [com.teampotato.redirector.Redirector/]: Redirecting net/minecraftforge/common/capabilities/CapabilityManager
[08Jan2026 02:39:06.510] [main/INFO] [com.teampotato.redirector.Redirector/]: Redirecting com/legacy/structure_gel/blocks/IStructureGel$Behavior
[08Jan2026 02:39:06.517] [main/INFO] [com.teampotato.redirector.Redirector/]: Redirecting com/blakebr0/mysticalagriculture/util/FurnaceTier
[08Jan2026 02:39:06.548] [main/INFO] [com.teampotato.redirector.Redirector/]: Redirecting com/blakebr0/mysticalagriculture/util/ReprocessorTier
[08Jan2026 02:39:06.556] [main/INFO] [com.teampotato.redirector.Redirector/]: Redirecting com/blakebr0/mysticalagriculture/api/lib/LazyIngredient$Type
[08Jan2026 02:39:07.112] [main/INFO] [com.teampotato.redirector.Redirector/]: Redirecting slimeknights/tconstruct/world/block/SlimeVineBlock$VineStage
[08Jan2026 02:39:07.149] [main/INFO] [com.teampotato.redirector.Redirector/]: Redirecting slimeknights/tconstruct/smeltery/block/ChannelBlock$ChannelConnection
[08Jan2026 02:39:07.176] [main/INFO] [com.teampotato.redirector.Redirector/]: Redirecting com/croparia/mod/core/util/ElementsEnum
[08Jan2026 02:39:07.203] [main/INFO] [com.teampotato.redirector.Redirector/]: Redirecting net/geforcemods/securitycraft/blocks/KeypadBarrelBlock$LidFacing
[08Jan2026 02:39:07.316] [main/INFO] [com.teampotato.redirector.Redirector/]: Redirecting de/teamlapen/vampirism/blocks/AltarPillarBlock$EnumPillarType
[08Jan2026 02:39:07.318] [main/INFO] [com.teampotato.redirector.Redirector/]: Redirecting de/teamlapen/lib/lib/util/UtilLib$RotationAmount
[08Jan2026 02:39:07.332] [main/INFO] [com.teampotato.redirector.Redirector/]: Redirecting de/teamlapen/vampirism/blocks/CastleBricksBlock$EnumVariant
[08Jan2026 02:39:07.336] [main/INFO] [com.teampotato.redirector.Redirector/]: Redirecting de/teamlapen/vampirism/blocks/CoffinBlock$CoffinPart
[08Jan2026 02:39:07.871] [main/INFO] [com.teampotato.redirector.Redirector/]: Redirecting net/minecraft/entity/player/PlayerEntity$SleepResult
[08Jan2026 02:39:07.875] [main/INFO] [com.teampotato.redirector.Redirector/]: Redirecting de/teamlapen/vampirism/blocks/GarlicBeaconBlock$Type
[08Jan2026 02:39:07.876] [main/INFO] [com.teampotato.redirector.Redirector/]: Redirecting de/teamlapen/vampirism/blocks/HunterTableBlock$TABLE_VARIANT
[08Jan2026 02:39:07.881] [main/INFO] [com.teampotato.redirector.Redirector/]: Redirecting de/teamlapen/vampirism/blocks/MedChairBlock$EnumPart
[08Jan2026 02:39:07.881] [main/INFO] [com.teampotato.redirector.Redirector/]: Redirecting de/teamlapen/vampirism/blocks/VampirismFlowerBlock$TYPE
[08Jan2026 02:39:11.410] [main/INFO] [com.teampotato.redirector.Redirector/]: Redirecting de/teamlapen/vampirism/blocks/VampirismSplitBlock$Part
[08Jan2026 02:39:11.582] [main/INFO] [com.teampotato.redirector.Redirector/]: Redirecting com/bobmowzie/mowziesmobs/server/entity/barakoa/MaskType
[08Jan2026 02:39:11.634] [main/INFO] [com.teampotato.redirector.Redirector/]: Redirecting com/github/alexthe666/iceandfire/enums/EnumTroll$Weapon
[08Jan2026 02:39:11.639] [main/INFO] [com.teampotato.redirector.Redirector/]: Redirecting com/github/alexthe666/iceandfire/enums/EnumTroll
[08Jan2026 02:39:11.654] [main/INFO] [com.teampotato.redirector.Redirector/]: Redirecting net/minecraft/util/HandSide
[08Jan2026 02:39:11.655] [main/INFO] [com.teampotato.redirector.Redirector/]: Redirecting net/minecraft/pathfinding/PathNodeType
[08Jan2026 02:39:11.656] [main/INFO] [com.teampotato.redirector.Redirector/]: Redirecting net/codersdownunder/gemsplusplus/materials/ToolMaterialList
[08Jan2026 02:39:11.661] [main/INFO] [com.teampotato.redirector.Redirector/]: Redirecting net/codersdownunder/gemsplusplus/materials/ArmorMaterialList
[08Jan2026 02:39:11.670] [main/INFO] [com.teampotato.redirector.Redirector/]: Redirecting mod/alexndr/simpleores/content/SimpleOresItemTier
[08Jan2026 02:39:11.673] [main/INFO] [com.teampotato.redirector.Redirector/]: Redirecting mod/alexndr/simpleores/content/SimpleOresArmorMaterial
[08Jan2026 02:39:11.681] [main/INFO] [com.teampotato.redirector.Redirector/]: Redirecting com/blakebr0/mysticalagriculture/lib/ModItemTier
[08Jan2026 02:39:11.682] [main/INFO] [com.teampotato.redirector.Redirector/]: Redirecting com/blakebr0/mysticalagriculture/item/SouliumDaggerItem$DaggerType
[08Jan2026 02:39:11.693] [main/INFO] [com.teampotato.redirector.Redirector/]: Redirecting com/blakebr0/mysticalagriculture/api/tinkering/AugmentType
[08Jan2026 02:39:11.702] [main/INFO] [com.teampotato.redirector.Redirector/]: Redirecting com/blakebr0/mysticalagriculture/lib/ModArmorMaterial
[08Jan2026 02:39:11.995] [main/INFO] [com.teampotato.redirector.Redirector/]: Redirecting slimeknights/tconstruct/shared/item/TinkerBookItem$BookType
[08Jan2026 02:39:12.035] [main/INFO] [com.teampotato.redirector.Redirector/]: Redirecting com/croparia/mod/common/items/ModToolTiers
[08Jan2026 02:39:12.038] [main/INFO] [com.teampotato.redirector.Redirector/]: Redirecting com/croparia/mod/common/items/ModArmorMaterial
[08Jan2026 02:39:12.134] [main/INFO] [patchouli/]: Loaded book jsons on Thread[main,5,main] in 81 ms
[08Jan2026 02:39:12.146] [main/INFO] [com.teampotato.redirector.Redirector/]: Redirecting net/geforcemods/securitycraft/misc/ModuleType
[08Jan2026 02:39:12.150] [main/INFO] [com.teampotato.redirector.Redirector/]: Redirecting net/geforcemods/securitycraft/misc/PageGroup
[08Jan2026 02:39:12.152] [main/INFO] [com.teampotato.redirector.Redirector/]: Redirecting net/geforcemods/securitycraft/util/RegisterItemBlock$SCItemGroup
[08Jan2026 02:39:12.185] [main/INFO] [com.teampotato.redirector.Redirector/]: Redirecting de/teamlapen/vampirism/api/items/IItemWithTier$TIER
[08Jan2026 02:39:12.186] [main/INFO] [com.teampotato.redirector.Redirector/]: Redirecting de/teamlapen/vampirism/util/VampirismArmorMaterials
[08Jan2026 02:39:12.190] [main/INFO] [com.teampotato.redirector.Redirector/]: Redirecting de/teamlapen/vampirism/items/CrossbowArrowItem$EnumArrowType
[08Jan2026 02:39:12.200] [main/INFO] [com.teampotato.redirector.Redirector/]: Redirecting de/teamlapen/vampirism/items/InjectionItem$TYPE
[08Jan2026 02:39:12.202] [main/INFO] [com.teampotato.redirector.Redirector/]: Redirecting de/teamlapen/vampirism/items/ColoredVampireClothingItem$EnumModel
[08Jan2026 02:39:12.202] [main/INFO] [com.teampotato.redirector.Redirector/]: Redirecting de/teamlapen/vampirism/items/ColoredVampireClothingItem$EnumClothingColor
[08Jan2026 02:39:12.206] [main/INFO] [com.teampotato.redirector.Redirector/]: Redirecting de/teamlapen/vampirism/items/VampirismBoatItem$BoatType
[08Jan2026 02:39:12.252] [main/INFO] [com.teampotato.redirector.Redirector/]: Redirecting net/minecraft/loot/LootContext$EntityTarget
[08Jan2026 02:39:12.358] [main/INFO] [ModernFix/]: Bypassed Mojang DFU
[08Jan2026 02:39:12.360] [main/INFO] [ModernFix/]: Instantiating Mojang DFU
[08Jan2026 02:39:12.407] [main/INFO] [com.teampotato.redirector.Redirector/]: Redirecting com/mojang/datafixers/functions/PointFreeRule$CataFuseSame
[08Jan2026 02:39:12.410] [main/INFO] [com.teampotato.redirector.Redirector/]: Redirecting com/mojang/datafixers/functions/PointFreeRule$CataFuseDifferent
[08Jan2026 02:39:12.414] [main/INFO] [com.teampotato.redirector.Redirector/]: Redirecting com/mojang/datafixers/functions/PointFreeRule$LensAppId
[08Jan2026 02:39:12.415] [main/INFO] [com.teampotato.redirector.Redirector/]: Redirecting com/mojang/datafixers/functions/PointFreeRule$LensComp
[08Jan2026 02:39:12.419] [main/INFO] [com.teampotato.redirector.Redirector/]: Redirecting com/mojang/datafixers/functions/PointFreeRule$AppNest
[08Jan2026 02:39:12.421] [main/INFO] [com.teampotato.redirector.Redirector/]: Redirecting com/mojang/datafixers/functions/PointFreeRule$LensCompFunc
[08Jan2026 02:39:12.422] [main/INFO] [com.teampotato.redirector.Redirector/]: Redirecting com/mojang/datafixers/functions/PointFreeRule$CompAssocLeft
[08Jan2026 02:39:12.423] [main/INFO] [com.teampotato.redirector.Redirector/]: Redirecting com/mojang/datafixers/functions/PointFreeRule$SortInj
[08Jan2026 02:39:12.425] [main/INFO] [com.teampotato.redirector.Redirector/]: Redirecting com/mojang/datafixers/functions/PointFreeRule$SortProj
[08Jan2026 02:39:12.425] [main/INFO] [com.teampotato.redirector.Redirector/]: Redirecting com/mojang/datafixers/functions/PointFreeRule$CompAssocRight
[08Jan2026 02:39:12.896] [main/INFO] [net.minecraftforge.registries.GameData/]: Potentially Dangerous alternative prefix `minecraft` for name `milk`, expected `forge`. This could be a intended override, but in most cases indicates a broken mod.
[08Jan2026 02:39:12.896] [main/INFO] [net.minecraftforge.registries.GameData/]: Potentially Dangerous alternative prefix `minecraft` for name `flowing_milk`, expected `forge`. This could be a intended override, but in most cases indicates a broken mod.
[08Jan2026 02:39:12.963] [main/WARN] [de.teamlapen.vampirism.effects.VampirismNightVisionPotion/]: -------Please ignore the following error!------
[08Jan2026 02:39:12.963] [main/INFO] [net.minecraftforge.registries.GameData/]: Potentially Dangerous alternative prefix `minecraft` for name `night_vision`, expected `vampirism`. This could be a intended override, but in most cases indicates a broken mod.
[08Jan2026 02:39:12.964] [main/WARN] [de.teamlapen.vampirism.effects.VampirismNightVisionPotion/]: -----------------------------------------------
[08Jan2026 02:39:13.012] [main/INFO] [com.teampotato.redirector.Redirector/]: Redirecting slimeknights/tconstruct/library/recipe/modifiers/spilling/effects/DamageSpillingEffect$LivingEntityPredicate
[08Jan2026 02:39:13.013] [main/INFO] [com.teampotato.redirector.Redirector/]: Redirecting slimeknights/tconstruct/library/recipe/modifiers/spilling/effects/DamageSpillingEffect$DamageType
[08Jan2026 02:39:13.074] [main/INFO] [com.teampotato.redirector.Redirector/]: Redirecting net/geforcemods/securitycraft/misc/SCSounds
[08Jan2026 02:39:13.180] [main/INFO] [com.teampotato.redirector.Redirector/]: Redirecting net/minecraft/util/Mirror
[08Jan2026 02:39:13.181] [main/INFO] [com.teampotato.redirector.Redirector/]: Redirecting net/minecraft/util/math/vector/Orientation
[08Jan2026 02:39:13.184] [main/INFO] [com.teampotato.redirector.Redirector/]: Redirecting net/minecraft/util/TriplePermutation
[08Jan2026 02:39:13.202] [main/INFO] [com.teampotato.redirector.Redirector/]: Redirecting net/minecraft/util/Rotation
[08Jan2026 02:39:13.240] [main/INFO] [com.teampotato.redirector.Redirector/]: Redirecting com/telepathicgrunt/repurposedstructures/modinit/RSStructureTagMap$STRUCTURE_TAGS
[08Jan2026 02:39:13.247] [main/INFO] [com.teampotato.redirector.Redirector/]: Redirecting com/telepathicgrunt/repurposedstructures/world/structures/pieces/MansionPieces$MANSIONTYPE
[08Jan2026 02:39:13.266] [main/INFO] [com.teampotato.redirector.Redirector/]: Redirecting com/barion/dungeons_enhanced/world/gen/DETerrainAnalyzer$GenerationType
[08Jan2026 02:39:13.288] [main/INFO] [com.barion.dungeons_enhanced.DungeonsEnhanced/]: Dungeons Enhanced structures loaded
[08Jan2026 02:39:13.308] [main/INFO] [ModdingLegacy/structure_gel/Compat/]: Checking for biome dictionary registry methods in other mods.
[08Jan2026 02:39:13.331] [main/INFO] [com.teampotato.redirector.Redirector/]: Redirecting slimeknights/tconstruct/library/modifiers/ExtraModifier$ExtraType
[08Jan2026 02:39:13.332] [main/INFO] [com.teampotato.redirector.Redirector/]: Redirecting slimeknights/tconstruct/library/modifiers/ExtraModifier$ModifierSource
[08Jan2026 02:39:13.333] [main/INFO] [com.teampotato.redirector.Redirector/]: Redirecting net/minecraft/network/play/server/SPlayerPositionLookPacket$Flags
[08Jan2026 02:39:13.355] [main/INFO] [com.teampotato.redirector.Redirector/]: Redirecting de/teamlapen/vampirism/api/entity/actions/EntityActionTier
[08Jan2026 02:39:13.356] [main/INFO] [com.teampotato.redirector.Redirector/]: Redirecting de/teamlapen/vampirism/api/entity/EntityClassType
[08Jan2026 02:39:13.376] [main/INFO] [com.teampotato.redirector.Redirector/]: Redirecting de/teamlapen/vampirism/api/entity/player/refinement/IRefinementSet$Rarity
[08Jan2026 02:39:13.393] [main/INFO] [com.teampotato.redirector.Redirector/]: Redirecting de/teamlapen/vampirism/api/entity/player/task/TaskRequirement$Type
[08Jan2026 02:39:13.394] [main/INFO] [com.teampotato.redirector.Redirector/]: Redirecting de/teamlapen/vampirism/api/entity/player/task/Task$Variant
[08Jan2026 02:39:13.426] [main/INFO] [com.teampotato.redirector.Redirector/]: Redirecting net/minecraft/world/Difficulty
[08Jan2026 02:39:13.552] [main/INFO] [com.teampotato.redirector.Redirector/]: Redirecting com/github/alexthe666/citadel/config/biome/BiomeEntryType
[08Jan2026 02:39:13.610] [main/INFO] [com._idrae.towers_of_the_wild.TowersOfTheWild/]: Config set
[08Jan2026 02:39:13.637] [modloading-worker-2/INFO] [xaero.lib.XaeroLib/]: Loading XaeroLib common 1/2!
[08Jan2026 02:39:13.662] [modloading-worker-1/INFO] [com.teampotato.redirector.Redirector/]: Redirecting net/minecraft/entity/EntitySpawnPlacementRegistry$PlacementType
[08Jan2026 02:39:13.668] [modloading-worker-0/INFO] [com.teampotato.redirector.Redirector/]: Redirecting mezz/jei/util/GiveMode
[08Jan2026 02:39:13.677] [modloading-worker-2/WARN] [citadel/]: Failed to load patreon contributor perks
[08Jan2026 02:39:13.678] [modloading-worker-3/INFO] [com.teampotato.redirector.Redirector/]: Redirecting net/minecraftforge/server/permission/DefaultPermissionLevel
[08Jan2026 02:39:13.684] [modloading-worker-2/INFO] [Dungeon Crawl/]: Common Setup
[08Jan2026 02:39:13.688] [Thread-0/INFO] [ModernFix/]: Please use /mfsrc to reload any changed mod config files
[08Jan2026 02:39:13.686] [modloading-worker-3/INFO] [com.teampotato.redirector.Redirector/]: Redirecting net/minecraftforge/server/permission/DefaultPermissionHandler
[08Jan2026 02:39:13.698] [modloading-worker-2/INFO] [Dungeon Crawl/]: Whitelisted Dimensions:
[08Jan2026 02:39:13.698] [modloading-worker-2/INFO] [Dungeon Crawl/]: minecraft:overworld
[08Jan2026 02:39:13.732] [modloading-worker-3/INFO] [com.teampotato.redirector.Redirector/]: Redirecting net/minecraftforge/fml/VersionChecker$Status
[08Jan2026 02:39:13.757] [modloading-worker-2/INFO] [com.teampotato.redirector.Redirector/]: Redirecting net/minecraftforge/common/BiomeManager$BiomeType
[08Jan2026 02:39:13.768] [modloading-worker-0/INFO] [com.teampotato.redirector.Redirector/]: Redirecting top/theillusivec4/curios/api/type/capability/ICurio$DropRule
[08Jan2026 02:39:13.769] [modloading-worker-0/INFO] [com.teampotato.redirector.Redirector/]: Redirecting top/theillusivec4/curios/common/network/server/sync/SPacketSyncStack$HandlerType
[08Jan2026 02:39:13.783] [modloading-worker-2/INFO] [com.teampotato.redirector.Redirector/]: Redirecting net/geforcemods/securitycraft/network/client/OpenScreen$DataType
[08Jan2026 02:39:13.796] [modloading-worker-3/INFO] [com.teampotato.redirector.Redirector/]: Redirecting slimeknights/tconstruct/library/tools/layout/LayoutIcon$Type
[08Jan2026 02:39:13.805] [modloading-worker-3/INFO] [com.teampotato.redirector.Redirector/]: Redirecting de/teamlapen/lib/lib/util/VersionChecker$Version$TYPE
[08Jan2026 02:39:13.808] [Thread-3/INFO] [de.teamlapen.lib.lib.util.VersionChecker/]: Starting version check at http://maxanier.de/projects/vampirism/versions_integrations.json
[08Jan2026 02:39:13.825] [modloading-worker-2/INFO] [com.teampotato.redirector.Redirector/]: Redirecting net/geforcemods/securitycraft/network/server/RemoteControlMine$Action
[08Jan2026 02:39:13.827] [modloading-worker-1/INFO] [com.teampotato.redirector.Redirector/]: Redirecting ovh/corail/tombstone/item/CastingType
[08Jan2026 02:39:13.841] [modloading-worker-0/INFO] [com.teampotato.redirector.Redirector/]: Redirecting de/teamlapen/vampirism/api/EnumStrength
[08Jan2026 02:39:13.841] [modloading-worker-0/INFO] [com.teampotato.redirector.Redirector/]: Redirecting de/teamlapen/vampirism/api/entity/player/vampire/IVampirePlayer$BITE_TYPE
[08Jan2026 02:39:13.849] [modloading-worker-1/WARN] [supertools/]: FMLCommonSetupEvent
[08Jan2026 02:39:13.850] [modloading-worker-2/INFO] [com.teampotato.redirector.Redirector/]: Redirecting net/geforcemods/securitycraft/util/StandingOrWallType
[08Jan2026 02:39:13.855] [modloading-worker-2/INFO] [com.teampotato.redirector.Redirector/]: Redirecting net/geforcemods/securitycraft/blockentities/BlockChangeDetectorBlockEntity$DetectionMode
[08Jan2026 02:39:13.865] [modloading-worker-2/INFO] [com.teampotato.redirector.Redirector/]: Redirecting net/geforcemods/securitycraft/network/server/SyncProjector$DataType
[08Jan2026 02:39:13.866] [modloading-worker-2/INFO] [com.teampotato.redirector.Redirector/]: Redirecting net/geforcemods/securitycraft/blockentities/RiftStabilizerBlockEntity$TeleportationType
[08Jan2026 02:39:13.867] [modloading-worker-2/INFO] [com.teampotato.redirector.Redirector/]: Redirecting net/geforcemods/securitycraft/network/server/SyncSSSSettingsOnServer$DataType
[08Jan2026 02:39:13.871] [modloading-worker-0/INFO] [com.teampotato.redirector.Redirector/]: Redirecting net/minecraft/network/play/server/SUpdateBossInfoPacket$Operation
[08Jan2026 02:39:13.872] [modloading-worker-0/INFO] [com.teampotato.redirector.Redirector/]: Redirecting net/minecraft/world/BossInfo$Overlay
[08Jan2026 02:39:13.873] [modloading-worker-0/INFO] [com.teampotato.redirector.Redirector/]: Redirecting de/teamlapen/vampirism/network/CSimpleInputEvent$Type
[08Jan2026 02:39:13.899] [modloading-worker-0/INFO] [de.teamlapen.vampirism.core.ModEffects/]: Fixing vanilla night vision potion types
[08Jan2026 02:39:13.899] [Thread-4/INFO] [de.teamlapen.lib.lib.util.VersionChecker/]: Starting version check at https://maxanier.de/projects/vampirism/versions.json
[08Jan2026 02:39:13.906] [modloading-worker-0/INFO] [com.teampotato.redirector.Redirector/]: Redirecting net/minecraft/world/GameType
[08Jan2026 02:39:13.965] [main/INFO] [Dungeon Crawl/]: Registering Structure Piece Types
[08Jan2026 02:39:13.986] [main/INFO] [castle_dungeons/]: Loaded 2 themes!
[08Jan2026 02:39:14.041] [main/INFO] [com.teampotato.redirector.Redirector/]: Redirecting net/minecraft/item/FireworkRocketItem$Shape
[08Jan2026 02:39:14.065] [main/INFO] [com.teampotato.redirector.Redirector/]: Redirecting net/minecraft/world/storage/MapDecoration$Type
[08Jan2026 02:39:14.078] [main/INFO] [de.teamlapen.vampirism.core.ModFeatures/]: Replacing vanilla village structure separation settings for the overworld dimension preset
[08Jan2026 02:39:14.104] [modloading-worker-0/INFO] [xaero.lib.XaeroLib/]: Loading XaeroLib server 1/2!
[08Jan2026 02:39:14.105] [modloading-worker-2/INFO] [xaero.map.server.WorldMapServer/]: Loading Xaero's World Map - Stage 1/2 (Server)
[08Jan2026 02:39:14.106] [modloading-worker-1/INFO] [xaero.minimap.XaeroMinimap/]: Loading Xaero's Minimap - Stage 1/2 (Server)
[08Jan2026 02:39:14.131] [main/INFO] [xaero.lib.XaeroLib/]: Loading XaeroLib common 2/2!
[08Jan2026 02:39:14.132] [main/INFO] [xaero.lib.XaeroLib/]: Loading XaeroLib server 2/2!
[08Jan2026 02:39:14.132] [main/INFO] [xaero.map.server.WorldMapServer/]: Loading Xaero's World Map - Stage 2/2 (Server)
[08Jan2026 02:39:14.132] [main/INFO] [xaero.minimap.XaeroMinimap/]: Loading Xaero's Minimap - Stage 2/2 (Server)
[08Jan2026 02:39:14.158] [modloading-worker-3/INFO] [com.teampotato.redirector.Redirector/]: Redirecting top/theillusivec4/curios/api/SlotTypePreset
[08Jan2026 02:39:14.162] [modloading-worker-2/INFO] [com.teampotato.redirector.Redirector/]: Redirecting ovh/corail/tombstone/compatibility/SupportMods
[08Jan2026 02:39:14.216] [modloading-worker-1/INFO] [com.teampotato.redirector.Redirector/]: Redirecting net/minecraft/item/ItemStack$TooltipDisplayFlags
[08Jan2026 02:39:14.235] [modloading-worker-1/INFO] [com.teampotato.redirector.Redirector/]: Redirecting de/teamlapen/vampirism/world/gen/VampirismWorldGen$BiomeType
[08Jan2026 02:39:14.317] [modloading-worker-3/INFO] [ModdingLegacy/structure_gel/]: Attempting to register unregistered biomes to the biome dictionary. This can be disabled via config.
[08Jan2026 02:39:14.317] [modloading-worker-0/INFO] [com.teampotato.redirector.Redirector/]: Redirecting mcp/mobius/waila/api/TooltipPosition
[08Jan2026 02:39:14.320] [modloading-worker-2/INFO] [de.teamlapen.vampirism.core.ModEffects/]: Fixing vanilla night vision potion types
[08Jan2026 02:39:14.344] [modloading-worker-0/INFO] [Waila/]: Registered plugin at net.blay09.mods.waystones.compat.WailaProvider
[08Jan2026 02:39:14.358] [modloading-worker-0/INFO] [Waila/]: Registered plugin at mcp.mobius.waila.addons.minecraft.PluginMinecraft
[08Jan2026 02:39:14.367] [modloading-worker-0/INFO] [Waila/]: Registered plugin at com.blakebr0.mysticalagriculture.compat.HwylaCompat
[08Jan2026 02:39:14.383] [modloading-worker-0/INFO] [Waila/]: Registered plugin at net.geforcemods.securitycraft.compat.hudmods.JadeDataProvider
[08Jan2026 02:39:14.384] [modloading-worker-0/INFO] [Waila/]: Registered plugin at ovh.corail.tombstone.compatibility.IntegrationWaila
[08Jan2026 02:39:14.390] [modloading-worker-0/INFO] [Waila/]: Registered plugin at de.teamlapen.vampirism_integrations.waila.WailaPlugin
[08Jan2026 02:39:14.457] [modloading-worker-3/INFO] [ModdingLegacy/structure_gel/]: Registered duneons:creeping_winter to structure_gel:[]
[08Jan2026 02:39:14.457] [modloading-worker-3/INFO] [ModdingLegacy/structure_gel/]: Registered duneons:dingy_jungle to structure_gel:[]
[08Jan2026 02:39:14.458] [modloading-worker-3/INFO] [ModdingLegacy/structure_gel/]: Registered werewolves:werewolf_heaven to structure_gel:[]
[08Jan2026 02:39:14.458] [modloading-worker-3/INFO] [ModdingLegacy/structure_gel/]: Registered duneons:soggy_swamp to structure_gel:[]
[08Jan2026 02:39:14.460] [modloading-worker-3/INFO] [ModdingLegacy/structure_gel/]: Registered duneons:panda_plateau to structure_gel:[]
[08Jan2026 02:39:14.460] [modloading-worker-3/INFO] [ModdingLegacy/structure_gel/]: Registered vampirism:vampire_forest_hills to structure_gel:[]
[08Jan2026 02:39:14.460] [modloading-worker-3/INFO] [ModdingLegacy/structure_gel/]: Registered vampirism:vampire_forest to structure_gel:[]
[08Jan2026 02:39:14.460] [modloading-worker-3/INFO] [ModdingLegacy/structure_gel/]: Registered duneons:creeper_forest to structure_gel:[]
[08Jan2026 02:39:14.460] [modloading-worker-3/INFO] [ModdingLegacy/structure_gel/]: Registered duneons:highland to structure_gel:[]
[08Jan2026 02:39:14.460] [modloading-worker-3/INFO] [ModdingLegacy/structure_gel/]: Reloading biome config for dungeons_enhanced:castle
[08Jan2026 02:39:14.461] [modloading-worker-3/INFO] [ModdingLegacy/structure_gel/]: Reloading biome config for dungeons_enhanced:desert_temple
[08Jan2026 02:39:14.461] [modloading-worker-3/INFO] [ModdingLegacy/structure_gel/]: Reloading biome config for dungeons_enhanced:desert_tomb
[08Jan2026 02:39:14.461] [modloading-worker-3/INFO] [ModdingLegacy/structure_gel/]: Reloading biome config for dungeons_enhanced:druid_circle
[08Jan2026 02:39:14.461] [modloading-worker-3/INFO] [ModdingLegacy/structure_gel/]: Reloading biome config for dungeons_enhanced:dungeon_variant
[08Jan2026 02:39:14.461] [modloading-worker-3/INFO] [ModdingLegacy/structure_gel/]: Reloading biome config for dungeons_enhanced:elders_temple
[08Jan2026 02:39:14.461] [modloading-worker-3/INFO] [ModdingLegacy/structure_gel/]: Reloading biome config for dungeons_enhanced:fishing_ship
[08Jan2026 02:39:14.461] [modloading-worker-3/INFO] [ModdingLegacy/structure_gel/]: Reloading biome config for dungeons_enhanced:flying_dutchman
[08Jan2026 02:39:14.461] [modloading-worker-3/INFO] [ModdingLegacy/structure_gel/]: Reloading biome config for dungeons_enhanced:hay_storage
[08Jan2026 02:39:14.462] [modloading-worker-3/INFO] [ModdingLegacy/structure_gel/]: Reloading biome config for dungeons_enhanced:ice_pit
[08Jan2026 02:39:14.462] [modloading-worker-3/INFO] [ModdingLegacy/structure_gel/]: Reloading biome config for dungeons_enhanced:jungle_monument
[08Jan2026 02:39:14.462] [modloading-worker-3/INFO] [ModdingLegacy/structure_gel/]: Reloading biome config for dungeons_enhanced:large_dungeon
[08Jan2026 02:39:14.462] [modloading-worker-3/INFO] [ModdingLegacy/structure_gel/]: Reloading biome config for dungeons_enhanced:miners_house
[08Jan2026 02:39:14.462] [modloading-worker-3/INFO] [ModdingLegacy/structure_gel/]: Reloading biome config for dungeons_enhanced:monster_maze
[08Jan2026 02:39:14.462] [modloading-worker-3/INFO] [ModdingLegacy/structure_gel/]: Reloading biome config for dungeons_enhanced:mushroom_house
[08Jan2026 02:39:14.462] [modloading-worker-3/INFO] [ModdingLegacy/structure_gel/]: Reloading biome config for dungeons_enhanced:pillager_camp
[08Jan2026 02:39:14.466] [modloading-worker-3/INFO] [ModdingLegacy/structure_gel/]: Reloading biome config for dungeons_enhanced:pirate_ship
[08Jan2026 02:39:14.466] [modloading-worker-3/INFO] [ModdingLegacy/structure_gel/]: Reloading biome config for dungeons_enhanced:ruined_building
[08Jan2026 02:39:14.466] [modloading-worker-3/INFO] [ModdingLegacy/structure_gel/]: Reloading biome config for dungeons_enhanced:stables
[08Jan2026 02:39:14.466] [modloading-worker-3/INFO] [ModdingLegacy/structure_gel/]: Reloading biome config for dungeons_enhanced:sunken_shrine
[08Jan2026 02:39:14.466] [modloading-worker-3/INFO] [ModdingLegacy/structure_gel/]: Reloading biome config for dungeons_enhanced:tall_witch_hut
[08Jan2026 02:39:14.466] [modloading-worker-3/INFO] [ModdingLegacy/structure_gel/]: Reloading biome config for dungeons_enhanced:tree_house
[08Jan2026 02:39:14.466] [modloading-worker-3/INFO] [ModdingLegacy/structure_gel/]: Reloading biome config for dungeons_enhanced:tower_of_the_undead
[08Jan2026 02:39:14.467] [modloading-worker-3/INFO] [ModdingLegacy/structure_gel/]: Reloading biome config for dungeons_enhanced:watch_tower
[08Jan2026 02:39:14.467] [modloading-worker-3/INFO] [ModdingLegacy/structure_gel/]: Reloading biome config for dungeons_enhanced:witch_tower
[08Jan2026 02:39:14.476] [main/INFO] [de.teamlapen.vampirism.core.ModFeatures/]: Replacing vanilla village structure separation settings for the overworld dimension preset
[08Jan2026 02:39:14.594] [main/INFO] [com.teampotato.redirector.Redirector/]: Redirecting org/embeddedt/modernfix/util/BakeReason
[08Jan2026 02:39:14.680] [main/INFO] [com.teampotato.redirector.Redirector/]: Redirecting com/mojang/serialization/DataResult$Instance
[08Jan2026 02:39:14.778] [main/ERROR] [net.minecraft.util.registry.WorldSettingsImport/]: Error adding element: Unknown registry element com.croparia.mod.world.feature.CoalCropFeature@4aa0c037
[08Jan2026 02:39:14.779] [main/ERROR] [net.minecraft.util.registry.WorldSettingsImport/]: Error adding element: Unknown registry element com.croparia.mod.world.feature.FruitsFeature@79051efc
[08Jan2026 02:39:14.788] [main/ERROR] [net.minecraft.util.registry.WorldSettingsImport/]: Error adding element: Value 9 outside of range [0:7]
[08Jan2026 02:39:14.888] [main/INFO] [com._idrae.towers_of_the_wild.TowersOfTheWild/]: tower structure feature registered
[08Jan2026 02:39:14.888] [main/INFO] [com._idrae.towers_of_the_wild.TowersOfTheWild/]: ice_tower structure feature registered
[08Jan2026 02:39:14.888] [main/INFO] [com._idrae.towers_of_the_wild.TowersOfTheWild/]: jungle_tower structure feature registered
[08Jan2026 02:39:14.889] [main/INFO] [com._idrae.towers_of_the_wild.TowersOfTheWild/]: derelict_tower structure feature registered
[08Jan2026 02:39:14.889] [main/INFO] [com._idrae.towers_of_the_wild.TowersOfTheWild/]: derelict_grass_tower structure feature registered
[08Jan2026 02:39:14.889] [main/INFO] [com._idrae.towers_of_the_wild.TowersOfTheWild/]: ocean_tower structure feature registered
[08Jan2026 02:39:14.889] [main/INFO] [com._idrae.towers_of_the_wild.TowersOfTheWild/]: ocean_warm_tower structure feature registered
[08Jan2026 02:39:15.048] [main/ERROR] [net.minecraft.world.biome.BiomeGenerationSettings/]: Feature: Not a JSON object: "minecraft:bamboo_vegetation"; Not a JSON object: "minecraft:bamboo"
[08Jan2026 02:39:15.125] [main/ERROR] [net.minecraft.world.biome.BiomeGenerationSettings/]: Feature: Not a JSON object: "minecraft:patch_pumpkin"; Not a JSON object: "minecraft:patch_sugar_cane"; Not a JSON object: "minecraft:patch_grass_jungle"; Not a JSON object: "minecraft:trees_jungle"; Not a JSON object: "minecraft:bamboo_vegetation"; Not a JSON object: "minecraft:bamboo"
[08Jan2026 02:39:15.200] [main/ERROR] [net.minecraft.world.biome.BiomeGenerationSettings/]: Feature: Not a JSON object: "minecraft:seagrass_simple"; Not a JSON object: "minecraft:red_mushroom_swamp"; Not a JSON object: "minecraft:brown_mushroom_swamp"; Not a JSON object: "minecraft:patch_waterlilly"; Not a JSON object: "minecraft:patch_dead_bush"; Not a JSON object: "minecraft:patch_grass_normal"; Not a JSON object: "minecraft:flower_swamp"; Not a JSON object: "minecraft:swamp_tree"
[08Jan2026 02:39:15.303] [main/INFO] [com.teampotato.redirector.Redirector/]: Redirecting net/minecraft/world/gen/layer/LayerUtil$Type
[08Jan2026 02:39:15.305] [main/INFO] [com.teampotato.redirector.Redirector/]: Redirecting net/minecraft/world/gen/layer/IslandLayer
[08Jan2026 02:39:15.314] [main/INFO] [com.teampotato.redirector.Redirector/]: Redirecting net/minecraft/world/gen/layer/ZoomLayer
[08Jan2026 02:39:15.315] [main/INFO] [com.teampotato.redirector.Redirector/]: Redirecting net/minecraft/world/gen/layer/AddIslandLayer
[08Jan2026 02:39:15.316] [main/INFO] [com.teampotato.redirector.Redirector/]: Redirecting net/minecraft/world/gen/layer/RemoveTooMuchOceanLayer
[08Jan2026 02:39:15.317] [main/INFO] [com.teampotato.redirector.Redirector/]: Redirecting net/minecraft/world/gen/layer/OceanLayer
[08Jan2026 02:39:15.317] [main/INFO] [com.teampotato.redirector.Redirector/]: Redirecting net/minecraft/world/gen/layer/AddSnowLayer
[08Jan2026 02:39:15.318] [main/INFO] [com.teampotato.redirector.Redirector/]: Redirecting net/minecraft/world/gen/layer/EdgeLayer$CoolWarm
[08Jan2026 02:39:15.318] [main/INFO] [com.teampotato.redirector.Redirector/]: Redirecting net/minecraft/world/gen/layer/EdgeLayer$HeatIce
[08Jan2026 02:39:15.319] [main/INFO] [com.teampotato.redirector.Redirector/]: Redirecting net/minecraft/world/gen/layer/EdgeLayer$Special
[08Jan2026 02:39:15.320] [main/INFO] [com.teampotato.redirector.Redirector/]: Redirecting net/minecraft/world/gen/layer/AddMushroomIslandLayer
[08Jan2026 02:39:15.320] [main/INFO] [com.teampotato.redirector.Redirector/]: Redirecting net/minecraft/world/gen/layer/DeepOceanLayer
[08Jan2026 02:39:15.321] [main/INFO] [com.teampotato.redirector.Redirector/]: Redirecting net/minecraft/world/gen/layer/StartRiverLayer
[08Jan2026 02:39:15.322] [main/INFO] [com.teampotato.redirector.Redirector/]: Redirecting net/minecraft/world/gen/layer/AddBambooForestLayer
[08Jan2026 02:39:15.322] [main/INFO] [com.teampotato.redirector.Redirector/]: Redirecting net/minecraft/world/gen/layer/EdgeBiomeLayer
[08Jan2026 02:39:15.323] [main/INFO] [com.teampotato.redirector.Redirector/]: Redirecting net/minecraft/world/gen/layer/HillsLayer
[08Jan2026 02:39:15.324] [main/INFO] [com.teampotato.redirector.Redirector/]: Redirecting net/minecraft/world/gen/layer/RiverLayer
[08Jan2026 02:39:15.325] [main/INFO] [com.teampotato.redirector.Redirector/]: Redirecting net/minecraft/world/gen/layer/SmoothLayer
[08Jan2026 02:39:15.326] [main/INFO] [com.teampotato.redirector.Redirector/]: Redirecting net/minecraft/world/gen/layer/RareBiomeLayer
[08Jan2026 02:39:15.326] [main/INFO] [com.teampotato.redirector.Redirector/]: Redirecting net/minecraft/world/gen/layer/ShoreLayer
[08Jan2026 02:39:15.329] [main/INFO] [com.teampotato.redirector.Redirector/]: Redirecting net/minecraft/world/gen/layer/MixRiverLayer
[08Jan2026 02:39:15.329] [main/INFO] [com.teampotato.redirector.Redirector/]: Redirecting net/minecraft/world/gen/layer/MixOceansLayer
[08Jan2026 02:39:15.344] [main/INFO] [com.teampotato.redirector.Redirector/]: Redirecting com/mojang/authlib/yggdrasil/YggdrasilEnvironment
[08Jan2026 02:39:15.349] [main/INFO] [com.mojang.authlib.yggdrasil.YggdrasilAuthenticationService/]: Environment: authHost='https://authserver.mojang.com', accountsHost='https://api.mojang.com', sessionHost='https://sessionserver.mojang.com', servicesHost='https://api.minecraftservices.com', name='PROD'
[08Jan2026 02:39:15.364] [main/INFO] [com.teampotato.redirector.Redirector/]: Redirecting net/minecraft/world/GameRules$Category
[08Jan2026 02:39:15.446] [main/INFO] [com.teampotato.redirector.Redirector/]: Redirecting net/minecraft/util/datafix/DefaultTypeReferences
[08Jan2026 02:39:15.528] [main/INFO] [com.teampotato.redirector.Redirector/]: Redirecting net/minecraft/resources/ResourcePackInfo$Priority
[08Jan2026 02:39:15.559] [main/INFO] [com.teampotato.redirector.Redirector/]: Redirecting net/minecraft/resources/PackCompatibility
[08Jan2026 02:39:15.569] [main/WARN] [net.minecraft.server.MinecraftServer/]: Missing data pack mod:smelting_touch_rebooted
[08Jan2026 02:39:15.570] [main/WARN] [net.minecraft.server.MinecraftServer/]: Missing data pack mod:enchantedness
[08Jan2026 02:39:15.731] [main/INFO] [com.teampotato.redirector.Redirector/]: Redirecting net/minecraft/util/text/event/ClickEvent$Action
[08Jan2026 02:39:15.794] [main/INFO] [com.teampotato.redirector.Redirector/]: Redirecting net/geforcemods/securitycraft/commands/ConvertCommand$ConversionMode
[08Jan2026 02:39:15.832] [main/INFO] [com.teampotato.redirector.Redirector/]: Redirecting ovh/corail/tombstone/command/CommandTBKnowledge$SubCommand
[08Jan2026 02:39:15.835] [main/INFO] [com.teampotato.redirector.Redirector/]: Redirecting ovh/corail/tombstone/command/CommandTBSiege$SubCommand
[08Jan2026 02:39:15.837] [main/INFO] [com.teampotato.redirector.Redirector/]: Redirecting ovh/corail/tombstone/command/CommandTBRecovery$SubCommand
[08Jan2026 02:39:15.843] [main/INFO] [com.teampotato.redirector.Redirector/]: Redirecting ovh/corail/tombstone/command/CommandTBBind$SubCommand
[08Jan2026 02:39:15.845] [main/INFO] [com.teampotato.redirector.Redirector/]: Redirecting ovh/corail/tombstone/command/CommandTBTeleport$SubCommand
[08Jan2026 02:39:15.891] [main/WARN] [net.minecraft.command.Commands/]: Ambiguity between arguments [teleport, destination] and [teleport, targets] with inputs: [Player, 0123, @e, dd12be42-52a9-4a91-a8a1-11c01849e498]
[08Jan2026 02:39:15.892] [main/WARN] [net.minecraft.command.Commands/]: Ambiguity between arguments [teleport, location] and [teleport, destination] with inputs: [0.1 -0.5 .9, 0 0 0]
[08Jan2026 02:39:15.893] [main/WARN] [net.minecraft.command.Commands/]: Ambiguity between arguments [teleport, location] and [teleport, targets] with inputs: [0.1 -0.5 .9, 0 0 0]
[08Jan2026 02:39:15.895] [main/WARN] [net.minecraft.command.Commands/]: Ambiguity between arguments [teleport, targets] and [teleport, destination] with inputs: [Player, 0123, dd12be42-52a9-4a91-a8a1-11c01849e498]
[08Jan2026 02:39:15.896] [main/WARN] [net.minecraft.command.Commands/]: Ambiguity between arguments [teleport, targets, location] and [teleport, targets, destination] with inputs: [0.1 -0.5 .9, 0 0 0]
[08Jan2026 02:39:15.908] [main/INFO] [net.minecraft.resources.SimpleReloadableResourceManager/]: Reloading ResourceManager: Default, forge-1.16.5-36.2.42-universal.jar, mowziesmobs-1.5.27.jar, Cucumber-1.16.5-4.1.12.jar, xaerolib-forge-1.16.5-1.0.44.jar, opotato-1.16.5-2.3.0.jar, libraryferret-forge-1.16.5-4.0.0.jar, entitycollisionfpsfix-1.16-1.0.1.jar, Waystones_1.16.5-7.6.4.jar, XaerosWorldMap_1.40.2_Forge_1.16.5.jar, modernfix-forge-5.18.0+mc1.16.5.jar, jei-1.16.5-7.8.0.1013.jar, citadel-1.8.1-1.16.5.jar, vampiricageing-1.16.5-1.3.19.jar, DungeonCrawl-1.16.5-2.3.12.jar, u_team_core-forge-1.16.5-3.2.1.378.jar, lazydfu-0.1.3.jar, Morpheus-1.16.5-4.2.70.jar, iceandfire-2.1.12-1.16.5-patch-1.jar, Hwyla-forge-1.10.11-B78_1.16.2.jar, FpsReducer-forge-1.24-mc1.16.5.jar, gemsplusplus-1.16.5-1.8.5.jar, castle_dungeons-3.3-1.16.5-forge.jar, embeddium-0.3.18+mc1.16.5.jar, SimpleOres2-1.16.5-2.4.7.2.jar, structure_gel-1.16.5-1.7.8.jar, MysticalAgriculture-1.16.5-4.2.6.jar, DungeonsArise-1.16.5-2.1.49-beta.jar, useless-sword-1.16.5-V1.3.7.jar, dungeons_1.10.3_mc1.16.5.jar, TConstruct-1.16.5-3.3.4.335.jar, smoothchunk1.16.5-2.0.jar, useful_backpacks-1.16.5-1.12.1.103.jar, repurposed_structures_forge-3.4.7+1.16.5.jar, Croparia-1.16.5-3.4.1.jar, morevanillalib-1.16.4-1.4.1.jar, baubles-1.8.7.1-1.16.5.jar, SimpleCoreLib-1.16.5-2.0.8.22.jar, Chunky-1.2.123.jar, towers_of_the_wild-1.16.4-2.0.1.jar, Ksyxis-1.3.4.jar, Stemaria-1.16.5-1.0.jar, dungeons_enhanced-1.16.5-1.9.2.jar, Mantle-1.16.5-1.6.157.jar, Xaeros_Minimap_25.3.2_Forge_1.16.5.jar, collective-1.16.5-5.49.jar, [1.16.5] SecurityCraft v1.10.1.jar, bettervillage-forge-1.16.5-3.3.1.jar, elevatorid-1.16.5-1.7.13.jar, tombstone-1.16.5-6.9.7.jar, embeddiumextras-1.16.5-1.12.0.jar, OnlyLooking-1.16.5-1.0.0.jar, morevanillaarmor-1.16.4-1.2.6.jar, architectury-1.32.68.jar, Vampirism-1.16.5-1.9.10.jar, VampirismIntegrations-1.16.5-1.6.1.jar, VampiresNeedUmbrellas-1.16.5-1.1.5.jar, Werewolves-1.16.5-1.1.0.3.jar, ferritecore-2.1.1-forge.jar, NoChatLagForge-1.1.0-1.16.jar, FallingTree-1.16.5-2.11.7.jar, textrue_embeddium_options-0.1.2+mc1.16.5.jar, francium-1.16.5-1.0.1.jar, geckolib-forge-1.16.5-3.0.106.jar, supertools-1.16.5-4.5.jar, Patchouli-1.16.4-53.3.jar, NaturesCompass-1.16.5-1.9.1-forge.jar, inventorysorter-1.16.1-18.1.0.jar, Bountiful Baubles FORGE-1.16.3-0.0.2.jar, Artifacts-1.16.5-2.10.6.jar, carryon-1.16.5-1.15.6.24.jar, JustEnoughResources-1.16.5-0.12.2.216.jar, ironchest-1.16.5-11.2.21.jar, ironfurnaces-1.16.5-2.7.7.jar, curios-forge-1.16.5-4.1.0.0.jar, expandability-2.0.1-forge.jar, MoreEnchantments_MC_1.16.4_Vers.1.4.1.jar, CosmeticArmorReworked-1.16.5-v5a.jar
[08Jan2026 02:39:15.912] [main/INFO] [ModernFix/]: Invalidating pack caches
[08Jan2026 02:39:16.329] [Worker-Main-2/INFO] [com.teampotato.redirector.Redirector/]: Redirecting net/minecraft/command/arguments/EntityAnchorArgument$Type
[08Jan2026 02:39:16.813] [Worker-Main-2/INFO] [de.teamlapen.lib.lib.config.BloodValueLoader/config]: Loaded 0 entities blood values
[08Jan2026 02:39:16.827] [Worker-Main-2/INFO] [de.teamlapen.lib.lib.config.BloodValueLoader/config]: Loaded 0 items blood values
[08Jan2026 02:39:16.840] [Worker-Main-2/INFO] [de.teamlapen.lib.lib.config.BloodValueLoader/config]: Loaded 1 fluids blood values
[08Jan2026 02:39:16.936] [Worker-Main-3/ERROR] [net.minecraft.tags.TagCollectionReader/]: Couldn't load item tag forge:gems/sugilite as it is missing following references: gemsplusplus:sugilite (from gemsplusplus-1.16.5-1.8.5.jar)
[08Jan2026 02:39:16.955] [Worker-Main-3/INFO] [com.teampotato.redirector.Redirector/]: Redirecting slimeknights/tconstruct/library/recipe/RandomItem$RandomType
[08Jan2026 02:39:16.983] [Worker-Main-3/INFO] [com.teampotato.redirector.Redirector/]: Redirecting com/blakebr0/mysticalagriculture/crafting/ingredient/CropComponentIngredient$ComponentType
[08Jan2026 02:39:16.989] [Worker-Main-3/ERROR] [net.minecraft.item.crafting.RecipeManager/]: Parsing error loading recipe duneons:craftdunglass2: com.google.gson.JsonSyntaxException: Unknown item 'duneons:deleted_mod_element'
[08Jan2026 02:39:16.999] [Worker-Main-3/ERROR] [net.minecraft.item.crafting.RecipeManager/]: Parsing error loading recipe croparia:fruit_hop_graphite: com.google.gson.JsonSyntaxException: Unknown item 'croparia:fruit_hop_graphite'
[08Jan2026 02:39:17.002] [Worker-Main-3/INFO] [net.minecraft.item.crafting.RecipeManager/]: Skipping loading recipe mysticalagriculture:essence/common/aluminum_ingot as it's serializer returned null
[08Jan2026 02:39:17.008] [Worker-Main-3/ERROR] [net.minecraft.item.crafting.RecipeManager/]: Parsing error loading recipe duneons:craftdiamonddungeonpickaxe: com.google.gson.JsonSyntaxException: Unknown item 'duneons:diamonddungeonpickaxe'
[08Jan2026 02:39:17.009] [Worker-Main-3/ERROR] [net.minecraft.item.crafting.RecipeManager/]: Parsing error loading recipe croparia:seed_crop_steel: com.google.gson.JsonSyntaxException: Unknown item tag 'forge:ingots/steel'
[08Jan2026 02:39:17.011] [Worker-Main-3/ERROR] [net.minecraft.item.crafting.RecipeManager/]: Parsing error loading recipe duneons:warphelemtcraft: com.google.gson.JsonSyntaxException: Unknown item 'duneons:sproutrobewarp_helmet'
[08Jan2026 02:39:17.012] [Worker-Main-3/ERROR] [net.minecraft.item.crafting.RecipeManager/]: Parsing error loading recipe croparia:fruit_steeleaf: com.google.gson.JsonSyntaxException: Unknown item 'croparia:fruit_steeleaf'
[08Jan2026 02:39:17.012] [Worker-Main-3/ERROR] [net.minecraft.item.crafting.RecipeManager/]: Parsing error loading recipe croparia:fruit_osmium: com.google.gson.JsonSyntaxException: Unknown item 'croparia:fruit_osmium'
[08Jan2026 02:39:17.014] [Worker-Main-3/INFO] [net.minecraft.item.crafting.RecipeManager/]: Skipping loading recipe vampirism:general/umbrella as it's serializer returned null
[08Jan2026 02:39:17.014] [Worker-Main-3/ERROR] [net.minecraft.item.crafting.RecipeManager/]: Parsing error loading recipe useless_sword:fiery_fossilizer_recipe: com.google.gson.JsonSyntaxException: Unknown item 'druidcraft:amber'
[08Jan2026 02:39:17.016] [Worker-Main-3/ERROR] [net.minecraft.item.crafting.RecipeManager/]: Parsing error loading recipe duneons:knighthelmetcraft: com.google.gson.JsonSyntaxException: Unknown item 'duneons:deleted_mod_element_helmet'
[08Jan2026 02:39:17.018] [Worker-Main-3/ERROR] [net.minecraft.item.crafting.RecipeManager/]: Parsing error loading recipe duneons:brickercolon: com.google.gson.JsonSyntaxException: Unknown item 'duneons:deleted_mod_element'
[08Jan2026 02:39:17.021] [Worker-Main-3/ERROR] [net.minecraft.item.crafting.RecipeManager/]: Parsing error loading recipe croparia:seed_crop_ironwood: com.google.gson.JsonSyntaxException: Unknown item tag 'twilightforest:ingots/ironwood'
[08Jan2026 02:39:17.025] [Worker-Main-3/ERROR] [net.minecraft.item.crafting.RecipeManager/]: Parsing error loading recipe duneons:craftsandctatue: com.google.gson.JsonSyntaxException: Unknown item 'duneons:deleted_mod_element'
[08Jan2026 02:39:17.031] [Worker-Main-3/ERROR] [net.minecraft.item.crafting.RecipeManager/]: Parsing error loading recipe croparia:fruit_aluminium: com.google.gson.JsonSyntaxException: Unknown item 'croparia:fruit_aluminium'
[08Jan2026 02:39:17.037] [Worker-Main-3/INFO] [net.minecraft.item.crafting.RecipeManager/]: Skipping loading recipe mysticalagriculture:essence/common/constantan_ingot as it's serializer returned null
[08Jan2026 02:39:17.040] [Worker-Main-3/INFO] [net.minecraft.item.crafting.RecipeManager/]: Skipping loading recipe mysticalagriculture:essence/common/tungsten_ingot as it's serializer returned null
[08Jan2026 02:39:17.041] [Worker-Main-3/ERROR] [net.minecraft.item.crafting.RecipeManager/]: Parsing error loading recipe duneons:craftiron: com.google.gson.JsonSyntaxException: Unknown item 'duneons:strengthenironore'
[08Jan2026 02:39:17.042] [Worker-Main-3/ERROR] [net.minecraft.item.crafting.RecipeManager/]: Parsing error loading recipe duneons:hatguard: com.google.gson.JsonSyntaxException: Unknown item 'duneons:strengtheniron'
[08Jan2026 02:39:17.043] [Worker-Main-3/ERROR] [net.minecraft.item.crafting.RecipeManager/]: Parsing error loading recipe croparia:fruit_nickel: com.google.gson.JsonSyntaxException: Unknown item 'croparia:fruit_nickel'
[08Jan2026 02:39:17.048] [Worker-Main-3/ERROR] [net.minecraft.item.crafting.RecipeManager/]: Parsing error loading recipe useless_sword:life_draining_sword_recipe: com.google.gson.JsonSyntaxException: Unknown item 'twilightforest:carminite'
[08Jan2026 02:39:17.055] [Worker-Main-3/ERROR] [net.minecraft.item.crafting.RecipeManager/]: Parsing error loading recipe croparia:fruit_enderium: com.google.gson.JsonSyntaxException: Unknown item 'croparia:fruit_enderium'
[08Jan2026 02:39:17.060] [Worker-Main-3/ERROR] [net.minecraft.item.crafting.RecipeManager/]: Parsing error loading recipe duneons:goldorecraft: com.google.gson.JsonSyntaxException: Unknown item 'duneons:strengthengoldore'
[08Jan2026 02:39:17.061] [Worker-Main-3/ERROR] [net.minecraft.item.crafting.RecipeManager/]: Parsing error loading recipe croparia:seed_crop_tin: com.google.gson.JsonSyntaxException: Unknown item 'croparia:seed_crop_tin'
[08Jan2026 02:39:17.062] [Worker-Main-3/ERROR] [net.minecraft.item.crafting.RecipeManager/]: Parsing error loading recipe croparia:seed_crop_signalum: com.google.gson.JsonSyntaxException: Unknown item tag 'forge:ingots/signalum'
[08Jan2026 02:39:17.065] [Worker-Main-3/ERROR] [net.minecraft.item.crafting.RecipeManager/]: Parsing error loading recipe useless_sword:gloomy_shredder_recipe: com.google.gson.JsonSyntaxException: Unknown item 'savageandravage:gloomy_tiles'
[08Jan2026 02:39:17.066] [Worker-Main-3/ERROR] [net.minecraft.item.crafting.RecipeManager/]: Parsing error loading recipe useless_sword:refined_radiance_glaive_recipe: com.google.gson.JsonSyntaxException: Unknown item 'create:refined_radiance'
[08Jan2026 02:39:17.070] [Worker-Main-3/ERROR] [net.minecraft.item.crafting.RecipeManager/]: Parsing error loading recipe duneons:bamboo_wood_planks_recipe: com.google.gson.JsonSyntaxException: Unknown item 'duneons:deleted_mod_element'
[08Jan2026 02:39:17.074] [Worker-Main-3/ERROR] [net.minecraft.item.crafting.RecipeManager/]: Parsing error loading recipe croparia:seed_crop_terrasteel: com.google.gson.JsonSyntaxException: Unknown item tag 'forge:ingots/terrasteel'
[08Jan2026 02:39:17.076] [Worker-Main-3/ERROR] [net.minecraft.item.crafting.RecipeManager/]: Parsing error loading recipe useless_sword:naga_slicer_recipe: com.google.gson.JsonSyntaxException: Unknown item 'twilightforest:naga_scale'
[08Jan2026 02:39:17.083] [Worker-Main-3/ERROR] [net.minecraft.item.crafting.RecipeManager/]: Parsing error loading recipe useless_sword:venomous_slapper_recipe: com.google.gson.JsonSyntaxException: Unknown item 'upgrade_aquatic:lionfish'
[08Jan2026 02:39:17.088] [Worker-Main-3/ERROR] [net.minecraft.item.crafting.RecipeManager/]: Parsing error loading recipe duneons:bamboo_wood_button_recipe: com.google.gson.JsonSyntaxException: Unknown item 'duneons:deleted_mod_element'
[08Jan2026 02:39:17.090] [Worker-Main-3/INFO] [net.minecraft.item.crafting.RecipeManager/]: Skipping loading recipe vampirism:vampire/blood_bottle as it's serializer returned null
[08Jan2026 02:39:17.093] [Worker-Main-3/ERROR] [net.minecraft.item.crafting.RecipeManager/]: Parsing error loading recipe duneons:bamboo_wood_stairs_recipe: com.google.gson.JsonSyntaxException: Unknown item 'duneons:deleted_mod_element'
[08Jan2026 02:39:17.095] [Worker-Main-3/ERROR] [net.minecraft.item.crafting.RecipeManager/]: Parsing error loading recipe duneons:minecarcraft: com.google.gson.JsonSyntaxException: Unknown item 'duneons:deleted_mod_element'
[08Jan2026 02:39:17.098] [Worker-Main-3/ERROR] [net.minecraft.item.crafting.RecipeManager/]: Parsing error loading recipe croparia:fruit_knightmetal: com.google.gson.JsonSyntaxException: Unknown item 'croparia:fruit_knightmetal'
[08Jan2026 02:39:17.099] [Worker-Main-3/INFO] [net.minecraft.item.crafting.RecipeManager/]: Skipping loading recipe mysticalagriculture:essence/common/iridium_ingot as it's serializer returned null
[08Jan2026 02:39:17.101] [Worker-Main-3/INFO] [net.minecraft.item.crafting.RecipeManager/]: Skipping loading recipe mysticalagriculture:essence/common/zinc_ingot as it's serializer returned null
[08Jan2026 02:39:17.102] [Worker-Main-3/ERROR] [net.minecraft.item.crafting.RecipeManager/]: Parsing error loading recipe duneons:endercraft3: com.google.gson.JsonSyntaxException: Unknown item 'duneons:enderarmor_leggings'
[08Jan2026 02:39:17.104] [Worker-Main-3/ERROR] [net.minecraft.item.crafting.RecipeManager/]: Parsing error loading recipe useless_sword:weed_foil_recipe: com.google.gson.JsonSyntaxException: Unknown item 'druidcraft:oak_small_beam'
[08Jan2026 02:39:17.104] [Worker-Main-3/ERROR] [net.minecraft.item.crafting.RecipeManager/]: Parsing error loading recipe useless_sword:tooth_glaive_recipe: com.google.gson.JsonSyntaxException: Unknown item 'alexsmobs:cachalot_whale_tooth'
[08Jan2026 02:39:17.106] [Worker-Main-3/ERROR] [net.minecraft.item.crafting.RecipeManager/]: Parsing error loading recipe useless_sword:booflo_blade_recipe: com.google.gson.JsonSyntaxException: Unknown item 'endergetic:booflo_hide'
[08Jan2026 02:39:17.107] [Worker-Main-3/ERROR] [net.minecraft.item.crafting.RecipeManager/]: Parsing error loading recipe croparia:seed_crop_knightmetal: com.google.gson.JsonSyntaxException: Unknown item tag 'twilightforest:ingots/knightmetal'
[08Jan2026 02:39:17.110] [Worker-Main-3/ERROR] [net.minecraft.item.crafting.RecipeManager/]: Parsing error loading recipe croparia:fruit_steel: com.google.gson.JsonSyntaxException: Unknown item 'croparia:fruit_steel'
[08Jan2026 02:39:17.114] [Worker-Main-3/ERROR] [net.minecraft.item.crafting.RecipeManager/]: Parsing error loading recipe croparia:seed_crop_lead: com.google.gson.JsonSyntaxException: Unknown item tag 'forge:ingots/lead'
[08Jan2026 02:39:17.117] [Worker-Main-3/INFO] [net.minecraft.item.crafting.RecipeManager/]: Skipping loading recipe mysticalagriculture:essence/common/bronze_ingot as it's serializer returned null
[08Jan2026 02:39:17.119] [Worker-Main-3/ERROR] [net.minecraft.item.crafting.RecipeManager/]: Parsing error loading recipe duneons:craftruby2: com.google.gson.JsonSyntaxException: Unknown item 'duneons:rubyblock'
[08Jan2026 02:39:17.120] [Worker-Main-3/ERROR] [net.minecraft.item.crafting.RecipeManager/]: Parsing error loading recipe croparia:fruit_lumium: com.google.gson.JsonSyntaxException: Unknown item 'croparia:fruit_lumium'
[08Jan2026 02:39:17.123] [Worker-Main-3/INFO] [net.minecraft.item.crafting.RecipeManager/]: Skipping loading recipe mysticalagriculture:essence/common/invar_ingot as it's serializer returned null
[08Jan2026 02:39:17.125] [Worker-Main-3/ERROR] [net.minecraft.item.crafting.RecipeManager/]: Parsing error loading recipe croparia:seed_crop_enderium: com.google.gson.JsonSyntaxException: Unknown item tag 'forge:ingots/enderium'
[08Jan2026 02:39:17.128] [Worker-Main-3/ERROR] [net.minecraft.item.crafting.RecipeManager/]: Parsing error loading recipe useless_sword:chocolate_sword_recipe: com.google.gson.JsonSyntaxException: Unknown item 'create:bar_of_chocolate'
[08Jan2026 02:39:17.130] [Worker-Main-3/ERROR] [net.minecraft.item.crafting.RecipeManager/]: Parsing error loading recipe useless_sword:rotten_fish_rapier_recipe: com.google.gson.JsonSyntaxException: Unknown item 'aquaculture:fish_bones'
[08Jan2026 02:39:17.134] [Worker-Main-3/ERROR] [net.minecraft.item.crafting.RecipeManager/]: Parsing error loading recipe useless_sword:sword_of_fate_recipe: com.google.gson.JsonSyntaxException: Unknown item 'botania:dice'
[08Jan2026 02:39:17.138] [Worker-Main-3/ERROR] [net.minecraft.item.crafting.RecipeManager/]: Parsing error loading recipe croparia:fruit_signalum: com.google.gson.JsonSyntaxException: Unknown item 'croparia:fruit_signalum'
[08Jan2026 02:39:17.138] [Worker-Main-3/ERROR] [net.minecraft.item.crafting.RecipeManager/]: Parsing error loading recipe croparia:seed_crop_dragonstone: com.google.gson.JsonSyntaxException: Unknown item tag 'forge:gems/dragonstone'
[08Jan2026 02:39:17.139] [Worker-Main-3/ERROR] [net.minecraft.item.crafting.RecipeManager/]: Parsing error loading recipe duneons:bamboo_wood_stick_recipe: com.google.gson.JsonSyntaxException: Unknown item 'duneons:deleted_mod_element'
[08Jan2026 02:39:17.140] [Worker-Main-3/INFO] [net.minecraft.item.crafting.RecipeManager/]: Skipping loading recipe mysticalagriculture:essence/common/niter as it's serializer returned null
[08Jan2026 02:39:17.141] [Worker-Main-3/ERROR] [net.minecraft.item.crafting.RecipeManager/]: Parsing error loading recipe useless_sword:pesting_rapier_recipe: com.google.gson.JsonSyntaxException: Unknown item 'twilightforest:firefly'
[08Jan2026 02:39:17.142] [Worker-Main-3/ERROR] [net.minecraft.item.crafting.RecipeManager/]: Parsing error loading recipe croparia:seed_crop_grass1: com.google.gson.JsonSyntaxException: Unknown item 'croparia:seed_crop_grass1'
[08Jan2026 02:39:17.142] [Worker-Main-3/ERROR] [net.minecraft.item.crafting.RecipeManager/]: Parsing error loading recipe duneons:logcoconutcraft: com.google.gson.JsonSyntaxException: Unknown item 'duneons:logcoconut'
[08Jan2026 02:39:17.142] [Worker-Main-3/ERROR] [net.minecraft.item.crafting.RecipeManager/]: Parsing error loading recipe duneons:ice_oak_fence_recipe: com.google.gson.JsonSyntaxException: Unknown item 'duneons:deleted_mod_element'
[08Jan2026 02:39:17.145] [Worker-Main-3/ERROR] [net.minecraft.item.crafting.RecipeManager/]: Parsing error loading recipe croparia:seed_crop_refined_obsidian: com.google.gson.JsonSyntaxException: Unknown item tag 'forge:ingots/refined_obsidian'
[08Jan2026 02:39:17.146] [Worker-Main-3/ERROR] [net.minecraft.item.crafting.RecipeManager/]: Parsing error loading recipe useless_sword:elven_stripper_recipe: com.google.gson.JsonSyntaxException: Unknown item 'botania:dragonstone'
[08Jan2026 02:39:17.146] [Worker-Main-3/ERROR] [net.minecraft.item.crafting.RecipeManager/]: Parsing error loading recipe croparia:fruit_elementium: com.google.gson.JsonSyntaxException: Unknown item 'croparia:fruit_elementium'
[08Jan2026 02:39:17.147] [Worker-Main-3/ERROR] [net.minecraft.item.crafting.RecipeManager/]: Parsing error loading recipe croparia:seed_crop_hop_graphite: com.google.gson.JsonSyntaxException: Unknown item tag 'forge:ingots/hop_graphite'
[08Jan2026 02:39:17.149] [Worker-Main-3/INFO] [net.minecraft.item.crafting.RecipeManager/]: Skipping loading recipe mysticalagriculture:essence/common/chrome_ingot as it's serializer returned null
[08Jan2026 02:39:17.150] [Worker-Main-3/ERROR] [net.minecraft.item.crafting.RecipeManager/]: Parsing error loading recipe useless_sword:ravager_sword_craft_2: com.google.gson.JsonSyntaxException: Unknown item 'quark:ravager_hide'
[08Jan2026 02:39:17.151] [Worker-Main-3/ERROR] [net.minecraft.item.crafting.RecipeManager/]: Parsing error loading recipe duneons:opuletcraft: com.google.gson.JsonSyntaxException: Unknown item 'duneons:opulentarmor_helmet'
[08Jan2026 02:39:17.155] [Worker-Main-3/ERROR] [net.minecraft.item.crafting.RecipeManager/]: Parsing error loading recipe croparia:seed_crop_constantan: com.google.gson.JsonSyntaxException: Unknown item tag 'forge:ingots/constantan'
[08Jan2026 02:39:17.158] [Worker-Main-3/ERROR] [net.minecraft.item.crafting.RecipeManager/]: Parsing error loading recipe croparia:fruit_refined_obsidian: com.google.gson.JsonSyntaxException: Unknown item 'croparia:fruit_refined_obsidian'
[08Jan2026 02:39:17.165] [Worker-Main-3/ERROR] [net.minecraft.item.crafting.RecipeManager/]: Parsing error loading recipe useless_sword:terra_bladed_chakram_recipe: com.google.gson.JsonSyntaxException: Unknown item 'botania:terrasteel_ingot'
[08Jan2026 02:39:17.166] [Worker-Main-3/ERROR] [net.minecraft.item.crafting.RecipeManager/]: Parsing error loading recipe useless_sword:griefer_striker_recipe: com.google.gson.JsonSyntaxException: Unknown item 'savageandravage:blast_proof_plating'
[08Jan2026 02:39:17.167] [Worker-Main-3/ERROR] [net.minecraft.item.crafting.RecipeManager/]: Parsing error loading recipe croparia:fruit_aquamarine: com.google.gson.JsonSyntaxException: Unknown item 'croparia:fruit_aquamarine'
[08Jan2026 02:39:17.168] [Worker-Main-3/ERROR] [net.minecraft.item.crafting.RecipeManager/]: Parsing error loading recipe useless_sword:chitin_stinger_recipe: com.google.gson.JsonSyntaxException: Unknown item 'druidcraft:chitin'
[08Jan2026 02:39:17.168] [Worker-Main-3/ERROR] [net.minecraft.item.crafting.RecipeManager/]: Parsing error loading recipe useless_sword:brass_head_turner_recipe: com.google.gson.JsonSyntaxException: Unknown item 'create:turntable'
[08Jan2026 02:39:17.174] [Worker-Main-3/INFO] [net.minecraft.item.crafting.RecipeManager/]: Skipping loading recipe mysticalagriculture:essence/common/electrum_ingot as it's serializer returned null
[08Jan2026 02:39:17.175] [Worker-Main-3/ERROR] [net.minecraft.item.crafting.RecipeManager/]: Parsing error loading recipe croparia:fruit_lead: com.google.gson.JsonSyntaxException: Unknown item 'croparia:fruit_lead'
[08Jan2026 02:39:17.175] [Worker-Main-3/ERROR] [net.minecraft.item.crafting.RecipeManager/]: Parsing error loading recipe croparia:seed_crop_bronze: com.google.gson.JsonSyntaxException: Unknown item tag 'forge:ingots/bronze'
[08Jan2026 02:39:17.175] [Worker-Main-3/ERROR] [net.minecraft.item.crafting.RecipeManager/]: Parsing error loading recipe useless_sword:bolloom_sword_recipe: com.google.gson.JsonSyntaxException: Unknown item 'endergetic:bolloom_balloon'
[08Jan2026 02:39:17.176] [Worker-Main-3/ERROR] [net.minecraft.item.crafting.RecipeManager/]: Parsing error loading recipe croparia:fruit_tin: com.google.gson.JsonSyntaxException: Unknown item 'croparia:fruit_tin'
[08Jan2026 02:39:17.179] [Worker-Main-3/ERROR] [net.minecraft.item.crafting.RecipeManager/]: Parsing error loading recipe duneons:keggibscraft: com.google.gson.JsonSyntaxException: Unknown item 'duneons:deleted_mod_element_leggings'
[08Jan2026 02:39:17.180] [Worker-Main-3/INFO] [net.minecraft.item.crafting.RecipeManager/]: Skipping loading recipe mysticalagriculture:essence/common/silicon as it's serializer returned null
[08Jan2026 02:39:17.180] [Worker-Main-3/ERROR] [net.minecraft.item.crafting.RecipeManager/]: Parsing error loading recipe duneons:hercospawn: com.google.gson.JsonSyntaxException: Unknown item 'duneons:deleted_mod_element'
[08Jan2026 02:39:17.181] [Worker-Main-3/ERROR] [net.minecraft.item.crafting.RecipeManager/]: Parsing error loading recipe duneons:craftbootsguard: com.google.gson.JsonSyntaxException: Unknown item 'duneons:strengtheniron'
[08Jan2026 02:39:17.183] [Worker-Main-3/ERROR] [net.minecraft.item.crafting.RecipeManager/]: Parsing error loading recipe useless_sword:dragonbreathdiamondswordcraft2: com.google.gson.JsonSyntaxException: Unknown item 'useless_sword:dragonbreathdiamondsword'
[08Jan2026 02:39:17.186] [Worker-Main-3/ERROR] [net.minecraft.item.crafting.RecipeManager/]: Parsing error loading recipe croparia:fruit_constantan: com.google.gson.JsonSyntaxException: Unknown item 'croparia:fruit_constantan'
[08Jan2026 02:39:17.189] [Worker-Main-3/ERROR] [net.minecraft.item.crafting.RecipeManager/]: Parsing error loading recipe duneons:ironcraftore: com.google.gson.JsonSyntaxException: Unknown item 'duneons:strengthenironore'
[08Jan2026 02:39:17.190] [Worker-Main-3/ERROR] [net.minecraft.item.crafting.RecipeManager/]: Parsing error loading recipe duneons:guardchestplatecraft: com.google.gson.JsonSyntaxException: Unknown item 'duneons:strengtheniron'
[08Jan2026 02:39:17.191] [Worker-Main-3/ERROR] [net.minecraft.item.crafting.RecipeManager/]: Parsing error loading recipe duneons:greensgreenslightlayer1: com.google.gson.JsonSyntaxException: Unknown item 'duneons:deleted_mod_element_chestplate'
[08Jan2026 02:39:17.191] [Worker-Main-3/ERROR] [net.minecraft.item.crafting.RecipeManager/]: Parsing error loading recipe croparia:fruit_grass1: com.google.gson.JsonSyntaxException: Unknown item 'croparia:fruit_grass1'
[08Jan2026 02:39:17.191] [Worker-Main-3/ERROR] [net.minecraft.item.crafting.RecipeManager/]: Parsing error loading recipe duneons:bamboo_wood_pressure_plate_recipe: com.google.gson.JsonSyntaxException: Unknown item 'duneons:deleted_mod_element'
[08Jan2026 02:39:17.192] [Worker-Main-3/ERROR] [net.minecraft.item.crafting.RecipeManager/]: Parsing error loading recipe croparia:seed_crop_uranium: com.google.gson.JsonSyntaxException: Unknown item tag 'forge:ingots/uranium'
[08Jan2026 02:39:17.193] [Worker-Main-3/ERROR] [net.minecraft.item.crafting.RecipeManager/]: Parsing error loading recipe useless_sword:neptunium_grab_sword_recipe: com.google.gson.JsonSyntaxException: Unknown item 'aquaculture:iron_hook'
[08Jan2026 02:39:17.196] [Worker-Main-3/ERROR] [net.minecraft.item.crafting.RecipeManager/]: Parsing error loading recipe croparia:fruit_starmetal: com.google.gson.JsonSyntaxException: Unknown item 'croparia:fruit_starmetal'
[08Jan2026 02:39:17.196] [Worker-Main-3/ERROR] [net.minecraft.item.crafting.RecipeManager/]: Parsing error loading recipe duneons:bamboo_wood_fence_recipe: com.google.gson.JsonSyntaxException: Unknown item 'duneons:deleted_mod_element'
[08Jan2026 02:39:17.197] [Worker-Main-3/ERROR] [net.minecraft.item.crafting.RecipeManager/]: Parsing error loading recipe useless_sword:claymore_of_the_sea_recipe: com.google.gson.JsonSyntaxException: Unknown item 'upgrade_aquatic:thrasher_tooth'
[08Jan2026 02:39:17.198] [Worker-Main-3/INFO] [net.minecraft.item.crafting.RecipeManager/]: Skipping loading recipe mysticalagriculture:essence/gems/apatite as it's serializer returned null
[08Jan2026 02:39:17.201] [Worker-Main-3/ERROR] [net.minecraft.item.crafting.RecipeManager/]: Parsing error loading recipe croparia:seed_crop_steeleaf: com.google.gson.JsonSyntaxException: Unknown item tag 'twilightforest:ingots/steeleaf'
[08Jan2026 02:39:17.201] [Worker-Main-3/ERROR] [net.minecraft.item.crafting.RecipeManager/]: Parsing error loading recipe croparia:seed_crop_nickel: com.google.gson.JsonSyntaxException: Unknown item tag 'forge:ingots/nickel'
[08Jan2026 02:39:17.202] [Worker-Main-3/ERROR] [net.minecraft.item.crafting.RecipeManager/]: Parsing error loading recipe croparia:fruit_ironwood: com.google.gson.JsonSyntaxException: Unknown item 'croparia:fruit_ironwood'
[08Jan2026 02:39:17.204] [Worker-Main-3/INFO] [net.minecraft.item.crafting.RecipeManager/]: Skipping loading recipe mysticalagriculture:essence/common/brass_ingot as it's serializer returned null
[08Jan2026 02:39:17.206] [Worker-Main-3/ERROR] [net.minecraft.item.crafting.RecipeManager/]: Parsing error loading recipe duneons:vancraftpotion: com.google.gson.JsonSyntaxException: Unknown item 'duneons:deleted_mod_element'
[08Jan2026 02:39:17.207] [Worker-Main-3/ERROR] [net.minecraft.item.crafting.RecipeManager/]: Parsing error loading recipe croparia:fruit_terrasteel: com.google.gson.JsonSyntaxException: Unknown item 'croparia:fruit_terrasteel'
[08Jan2026 02:39:17.208] [Worker-Main-3/ERROR] [net.minecraft.item.crafting.RecipeManager/]: Parsing error loading recipe duneons:craftswordlot: com.google.gson.JsonSyntaxException: Unknown item 'duneons:deleted_mod_element'
[08Jan2026 02:39:17.211] [Worker-Main-3/ERROR] [net.minecraft.item.crafting.RecipeManager/]: Parsing error loading recipe duneons:bamboo_wood_slab_recipe: com.google.gson.JsonSyntaxException: Unknown item 'duneons:deleted_mod_element'
[08Jan2026 02:39:17.211] [Worker-Main-3/ERROR] [net.minecraft.item.crafting.RecipeManager/]: Parsing error loading recipe duneons:axecraft: com.google.gson.JsonSyntaxException: Unknown item 'duneons:strengtheniron'
[08Jan2026 02:39:17.214] [Worker-Main-3/ERROR] [net.minecraft.item.crafting.RecipeManager/]: Parsing error loading recipe croparia:fruit_manasteel: com.google.gson.JsonSyntaxException: Unknown item 'croparia:fruit_manasteel'
[08Jan2026 02:39:17.215] [Worker-Main-3/ERROR] [net.minecraft.item.crafting.RecipeManager/]: Parsing error loading recipe duneons:craftvangardsworfd: com.google.gson.JsonSyntaxException: Unknown item 'duneons:deleted_mod_element'
[08Jan2026 02:39:17.216] [Worker-Main-3/ERROR] [net.minecraft.item.crafting.RecipeManager/]: Parsing error loading recipe croparia:seed_crop_invar: com.google.gson.JsonSyntaxException: Unknown item tag 'forge:ingots/invar'
[08Jan2026 02:39:17.218] [Worker-Main-3/ERROR] [net.minecraft.item.crafting.RecipeManager/]: Parsing error loading recipe croparia:seed_crop_osmium: com.google.gson.JsonSyntaxException: Unknown item tag 'forge:ingots/osmium'
[08Jan2026 02:39:17.219] [Worker-Main-3/ERROR] [net.minecraft.item.crafting.RecipeManager/]: Parsing error loading recipe useless_sword:message_in_a_sword_recipe: com.google.gson.JsonSyntaxException: Unknown item 'aquaculture:message_in_a_bottle'
[08Jan2026 02:39:17.223] [Worker-Main-3/ERROR] [net.minecraft.item.crafting.RecipeManager/]: Parsing error loading recipe duneons:craftknightchestplate: com.google.gson.JsonSyntaxException: Unknown item 'duneons:strengtheniron'
[08Jan2026 02:39:17.226] [Worker-Main-3/ERROR] [net.minecraft.item.crafting.RecipeManager/]: Parsing error loading recipe useless_sword:copper_jigsaw_slicer_recipe: com.google.gson.JsonSyntaxException: Unknown item 'create:mechanical_saw'
[08Jan2026 02:39:17.227] [Worker-Main-3/INFO] [net.minecraft.item.crafting.RecipeManager/]: Skipping loading recipe mysticalagriculture:essence/common/saltpeter as it's serializer returned null
[08Jan2026 02:39:17.229] [Worker-Main-3/ERROR] [net.minecraft.item.crafting.RecipeManager/]: Parsing error loading recipe duneons:rubycraft: com.google.gson.JsonSyntaxException: Unknown item 'duneons:ruby'
[08Jan2026 02:39:17.230] [Worker-Main-3/INFO] [net.minecraft.item.crafting.RecipeManager/]: Skipping loading recipe mysticalagriculture:essence/common/steel_ingot as it's serializer returned null
[08Jan2026 02:39:17.231] [Worker-Main-3/ERROR] [net.minecraft.item.crafting.RecipeManager/]: Parsing error loading recipe croparia:seed_crop_aluminium: com.google.gson.JsonSyntaxException: Unknown item tag 'forge:ingots/aluminum'
[08Jan2026 02:39:17.232] [Worker-Main-3/ERROR] [net.minecraft.item.crafting.RecipeManager/]: Parsing error loading recipe croparia:fruit_fiery: com.google.gson.JsonSyntaxException: Unknown item 'croparia:fruit_fiery'
[08Jan2026 02:39:17.235] [Worker-Main-3/ERROR] [net.minecraft.item.crafting.RecipeManager/]: Parsing error loading recipe croparia:seed_crop_fiery: com.google.gson.JsonSyntaxException: Unknown item tag 'twilightforest:ingots/fiery'
[08Jan2026 02:39:17.236] [Worker-Main-3/ERROR] [net.minecraft.item.crafting.RecipeManager/]: Parsing error loading recipe croparia:seed_crop_lumium: com.google.gson.JsonSyntaxException: Unknown item tag 'forge:ingots/lumium'
[08Jan2026 02:39:17.237] [Worker-Main-3/INFO] [net.minecraft.item.crafting.RecipeManager/]: Skipping loading recipe mysticalagriculture:essence/common/titanium_ingot as it's serializer returned null
[08Jan2026 02:39:17.238] [Worker-Main-3/ERROR] [net.minecraft.item.crafting.RecipeManager/]: Parsing error loading recipe useless_sword:gaia_claymore_recipe: com.google.gson.JsonSyntaxException: Unknown item 'botania:gaia_ingot'
[08Jan2026 02:39:17.239] [Worker-Main-3/ERROR] [net.minecraft.item.crafting.RecipeManager/]: Parsing error loading recipe croparia:fruit_refined_glowstone: com.google.gson.JsonSyntaxException: Unknown item 'croparia:fruit_refined_glowstone'
[08Jan2026 02:39:17.240] [Worker-Main-3/ERROR] [net.minecraft.item.crafting.RecipeManager/]: Parsing error loading recipe duneons:bamboo_wood_fence_gate_recipe: com.google.gson.JsonSyntaxException: Unknown item 'duneons:deleted_mod_element'
[08Jan2026 02:39:17.242] [Worker-Main-3/ERROR] [net.minecraft.item.crafting.RecipeManager/]: Parsing error loading recipe croparia:fruit_uranium: com.google.gson.JsonSyntaxException: Unknown item 'croparia:fruit_uranium'
[08Jan2026 02:39:17.242] [Worker-Main-3/ERROR] [net.minecraft.item.crafting.RecipeManager/]: Parsing error loading recipe croparia:seed_crop_electrum: com.google.gson.JsonSyntaxException: Unknown item tag 'forge:ingots/electrum'
[08Jan2026 02:39:17.242] [Worker-Main-3/ERROR] [net.minecraft.item.crafting.RecipeManager/]: Parsing error loading recipe useless_sword:dna_cutter_recipe: com.google.gson.JsonSyntaxException: Unknown item 'alexsmobs:capsid'
[08Jan2026 02:39:17.245] [Worker-Main-3/ERROR] [net.minecraft.item.crafting.RecipeManager/]: Parsing error loading recipe useless_sword:guster_sword_recipe: com.google.gson.JsonSyntaxException: Unknown item 'alexsmobs:guster_eye'
[08Jan2026 02:39:17.249] [Worker-Main-3/ERROR] [net.minecraft.item.crafting.RecipeManager/]: Parsing error loading recipe useless_sword:pike_slapper_recipe: com.google.gson.JsonSyntaxException: Unknown item 'upgrade_aquatic:pike'
[08Jan2026 02:39:17.250] [Worker-Main-3/ERROR] [net.minecraft.item.crafting.RecipeManager/]: Parsing error loading recipe duneons:craftgold: com.google.gson.JsonSyntaxException: Unknown item 'duneons:strengthengoldore'
[08Jan2026 02:39:17.253] [Worker-Main-3/ERROR] [net.minecraft.item.crafting.RecipeManager/]: Parsing error loading recipe croparia:fruit_electrum: com.google.gson.JsonSyntaxException: Unknown item 'croparia:fruit_electrum'
[08Jan2026 02:39:17.254] [Worker-Main-3/INFO] [net.minecraft.item.crafting.RecipeManager/]: Skipping loading recipe mysticalagriculture:essence/common/rubber as it's serializer returned null
[08Jan2026 02:39:17.262] [Worker-Main-3/INFO] [net.minecraft.item.crafting.RecipeManager/]: Skipping loading recipe mysticalagriculture:essence/common/platinum_ingot as it's serializer returned null
[08Jan2026 02:39:17.262] [Worker-Main-3/ERROR] [net.minecraft.item.crafting.RecipeManager/]: Parsing error loading recipe croparia:fruit_dragonstone: com.google.gson.JsonSyntaxException: Unknown item 'croparia:fruit_dragonstone'
[08Jan2026 02:39:17.266] [Worker-Main-3/INFO] [net.minecraft.item.crafting.RecipeManager/]: Skipping loading recipe mysticalagriculture:essence/common/sulfur as it's serializer returned null
[08Jan2026 02:39:17.268] [Worker-Main-3/ERROR] [net.minecraft.item.crafting.RecipeManager/]: Parsing error loading recipe useless_sword:end_pyro_sword_recipe: com.google.gson.JsonSyntaxException: Unknown item 'endergetic:eumus'
[08Jan2026 02:39:17.268] [Worker-Main-3/ERROR] [net.minecraft.item.crafting.RecipeManager/]: Parsing error loading recipe croparia:seed_crop_silver1: com.google.gson.JsonSyntaxException: Unknown item 'croparia:seed_crop_silver1'
[08Jan2026 02:39:17.270] [Worker-Main-3/INFO] [net.minecraft.item.crafting.RecipeManager/]: Skipping loading recipe mysticalagriculture:essence/common/lead_ingot as it's serializer returned null
[08Jan2026 02:39:17.271] [Worker-Main-3/INFO] [net.minecraft.item.crafting.RecipeManager/]: Skipping loading recipe mysticalagriculture:essence/common/graphite_ingot as it's serializer returned null
[08Jan2026 02:39:17.273] [Worker-Main-3/ERROR] [net.minecraft.item.crafting.RecipeManager/]: Parsing error loading recipe duneons:bamboo_wood_wood_recipe: com.google.gson.JsonSyntaxException: Unknown item 'duneons:deleted_mod_element'
[08Jan2026 02:39:17.273] [Worker-Main-3/ERROR] [net.minecraft.item.crafting.RecipeManager/]: Parsing error loading recipe duneons:craftexo3: com.google.gson.JsonSyntaxException: Unknown item 'duneons:mercenary_armor_boots'
[08Jan2026 02:39:17.273] [Worker-Main-3/ERROR] [net.minecraft.item.crafting.RecipeManager/]: Parsing error loading recipe useless_sword:hemolymph_broadsword_recipe: com.google.gson.JsonSyntaxException: Unknown item 'alexsmobs:hemolymph_sac'
[08Jan2026 02:39:17.274] [Worker-Main-3/ERROR] [net.minecraft.item.crafting.RecipeManager/]: Parsing error loading recipe croparia:seed_crop_aquamarine: com.google.gson.JsonSyntaxException: Unknown item tag 'forge:gems/aquamarine'
[08Jan2026 02:39:17.275] [Worker-Main-3/INFO] [net.minecraft.item.crafting.RecipeManager/]: Skipping loading recipe mysticalagriculture:essence/common/uranium_ingot as it's serializer returned null
[08Jan2026 02:39:17.275] [Worker-Main-3/ERROR] [net.minecraft.item.crafting.RecipeManager/]: Parsing error loading recipe croparia:fruit_invar: com.google.gson.JsonSyntaxException: Unknown item 'croparia:fruit_invar'
[08Jan2026 02:39:17.276] [Worker-Main-3/ERROR] [net.minecraft.item.crafting.RecipeManager/]: Parsing error loading recipe croparia:seed_crop_manasteel: com.google.gson.JsonSyntaxException: Unknown item tag 'forge:ingots/manasteel'
[08Jan2026 02:39:17.277] [Worker-Main-3/ERROR] [net.minecraft.item.crafting.RecipeManager/]: Parsing error loading recipe croparia:seed_crop_refined_glowstone: com.google.gson.JsonSyntaxException: Unknown item tag 'forge:ingots/refined_glowstone'
[08Jan2026 02:39:17.278] [Worker-Main-3/INFO] [net.minecraft.item.crafting.RecipeManager/]: Skipping loading recipe vampirism:general/guidebook as it's serializer returned null
[08Jan2026 02:39:17.279] [Worker-Main-3/ERROR] [net.minecraft.item.crafting.RecipeManager/]: Parsing error loading recipe croparia:fruit_silver1: com.google.gson.JsonSyntaxException: Unknown item 'croparia:fruit_silver1'
[08Jan2026 02:39:17.280] [Worker-Main-3/INFO] [net.minecraft.item.crafting.RecipeManager/]: Skipping loading recipe mysticalagriculture:essence/common/nickel_ingot as it's serializer returned null
[08Jan2026 02:39:17.280] [Worker-Main-3/ERROR] [net.minecraft.item.crafting.RecipeManager/]: Parsing error loading recipe croparia:fruit_bronze: com.google.gson.JsonSyntaxException: Unknown item 'croparia:fruit_bronze'
[08Jan2026 02:39:17.281] [Worker-Main-3/ERROR] [net.minecraft.item.crafting.RecipeManager/]: Parsing error loading recipe duneons:rubyblockcraft1: com.google.gson.JsonSyntaxException: Unknown item 'duneons:ruby'
[08Jan2026 02:39:17.282] [Worker-Main-3/ERROR] [net.minecraft.item.crafting.RecipeManager/]: Parsing error loading recipe duneons:sapfireswordcraft: com.google.gson.JsonSyntaxException: Unknown item 'duneons:sapfirevert'
[08Jan2026 02:39:17.285] [Worker-Main-3/ERROR] [net.minecraft.item.crafting.RecipeManager/]: Parsing error loading recipe duneons:furcraft: com.google.gson.JsonSyntaxException: Unknown item 'duneons:deleted_mod_element_chestplate'
[08Jan2026 02:39:17.286] [Worker-Main-3/ERROR] [net.minecraft.item.crafting.RecipeManager/]: Parsing error loading recipe croparia:seed_crop_elementium: com.google.gson.JsonSyntaxException: Unknown item tag 'forge:ingots/elementium'
[08Jan2026 02:39:17.287] [Worker-Main-3/ERROR] [net.minecraft.item.crafting.RecipeManager/]: Parsing error loading recipe croparia:seed_crop_starmetal: com.google.gson.JsonSyntaxException: Unknown item tag 'astralsorcery:starmetal'
[08Jan2026 02:39:17.289] [Worker-Main-3/INFO] [net.minecraft.item.crafting.RecipeManager/]: Loaded 27 recipes
[08Jan2026 02:39:17.297] [Worker-Main-3/INFO] [com.teampotato.redirector.Redirector/]: Redirecting net/minecraft/loot/functions/CopyName$Source
[08Jan2026 02:39:17.301] [Worker-Main-3/ERROR] [net.minecraft.loot.LootTableManager/]: Couldn't parse loot table minecraft:librain_loot: com.google.gson.JsonSyntaxException: Expected name to be an item, was unknown string 'duneons:deleted_mod_element'
[08Jan2026 02:39:17.302] [Worker-Main-3/INFO] [com.teampotato.redirector.Redirector/]: Redirecting net/minecraft/loot/functions/CopyNbt$Source
[08Jan2026 02:39:17.304] [Worker-Main-3/INFO] [com.teampotato.redirector.Redirector/]: Redirecting net/minecraft/loot/functions/CopyNbt$Action
[08Jan2026 02:39:17.359] [Worker-Main-3/ERROR] [net.minecraft.loot.LootTableManager/]: Couldn't parse loot table croparia:blocks/block_crop_osmium: java.lang.IllegalArgumentException: Can't find block croparia:block_crop_osmium
[08Jan2026 02:39:17.392] [Worker-Main-3/ERROR] [net.minecraft.loot.LootTableManager/]: Couldn't parse loot table croparia:blocks/block_crop_knightmetal: java.lang.IllegalArgumentException: Can't find block croparia:block_crop_knightmetal
[08Jan2026 02:39:17.477] [Worker-Main-3/ERROR] [net.minecraft.loot.LootTableManager/]: Couldn't parse loot table croparia:blocks/block_crop_starmetal: java.lang.IllegalArgumentException: Can't find block croparia:block_crop_starmetal
[08Jan2026 02:39:17.534] [Worker-Main-3/ERROR] [net.minecraft.loot.LootTableManager/]: Couldn't parse loot table croparia:blocks/block_crop_constantan: java.lang.IllegalArgumentException: Can't find block croparia:block_crop_constantan
[08Jan2026 02:39:17.658] [Worker-Main-3/ERROR] [net.minecraft.loot.LootTableManager/]: Couldn't parse loot table croparia:blocks/block_crop_silver1: java.lang.IllegalArgumentException: Can't find block croparia:block_crop_silver1
[08Jan2026 02:39:17.685] [Worker-Main-3/ERROR] [net.minecraft.loot.LootTableManager/]: Couldn't parse loot table croparia:blocks/block_crop_steel: java.lang.IllegalArgumentException: Can't find block croparia:block_crop_steel
[08Jan2026 02:39:17.686] [Worker-Main-3/ERROR] [net.minecraft.loot.LootTableManager/]: Couldn't parse loot table croparia:blocks/block_crop_signalum: java.lang.IllegalArgumentException: Can't find block croparia:block_crop_signalum
[08Jan2026 02:39:17.702] [Worker-Main-3/ERROR] [net.minecraft.loot.LootTableManager/]: Couldn't parse loot table croparia:blocks/block_crop_electrum: java.lang.IllegalArgumentException: Can't find block croparia:block_crop_electrum
[08Jan2026 02:39:17.718] [Worker-Main-3/ERROR] [net.minecraft.loot.LootTableManager/]: Couldn't parse loot table croparia:blocks/block_crop_tin: java.lang.IllegalArgumentException: Can't find block croparia:block_crop_tin
[08Jan2026 02:39:17.837] [Worker-Main-3/ERROR] [net.minecraft.loot.LootTableManager/]: Couldn't parse loot table croparia:blocks/block_crop_fiery: java.lang.IllegalArgumentException: Can't find block croparia:block_crop_fiery
[08Jan2026 02:39:17.839] [Worker-Main-3/ERROR] [net.minecraft.loot.LootTableManager/]: Couldn't parse loot table croparia:blocks/block_crop_bronze: java.lang.IllegalArgumentException: Can't find block croparia:block_crop_bronze
[08Jan2026 02:39:17.842] [Worker-Main-3/ERROR] [net.minecraft.loot.LootTableManager/]: Couldn't parse loot table croparia:blocks/block_crop_lumium: java.lang.IllegalArgumentException: Can't find block croparia:block_crop_lumium
[08Jan2026 02:39:17.847] [Worker-Main-3/ERROR] [net.minecraft.loot.LootTableManager/]: Couldn't parse loot table croparia:blocks/block_crop_aluminium: java.lang.IllegalArgumentException: Can't find block croparia:block_crop_aluminium
[08Jan2026 02:39:17.863] [Worker-Main-3/ERROR] [net.minecraft.loot.LootTableManager/]: Couldn't parse loot table croparia:blocks/block_crop_aquamarine: java.lang.IllegalArgumentException: Can't find block croparia:block_crop_aquamarine
[08Jan2026 02:39:17.907] [Worker-Main-3/ERROR] [net.minecraft.loot.LootTableManager/]: Couldn't parse loot table croparia:blocks/block_crop_nickel: java.lang.IllegalArgumentException: Can't find block croparia:block_crop_nickel
[08Jan2026 02:39:17.924] [Worker-Main-3/ERROR] [net.minecraft.loot.LootTableManager/]: Couldn't parse loot table croparia:blocks/block_crop_refined_obsidian: java.lang.IllegalArgumentException: Can't find block croparia:block_crop_refined_obsidian
[08Jan2026 02:39:17.993] [Worker-Main-3/ERROR] [net.minecraft.loot.LootTableManager/]: Couldn't parse loot table croparia:blocks/block_crop_elementium: java.lang.IllegalArgumentException: Can't find block croparia:block_crop_elementium
[08Jan2026 02:39:18.004] [Worker-Main-3/ERROR] [net.minecraft.loot.LootTableManager/]: Couldn't parse loot table croparia:blocks/block_crop_ironwood: java.lang.IllegalArgumentException: Can't find block croparia:block_crop_ironwood
[08Jan2026 02:39:18.059] [Worker-Main-3/ERROR] [net.minecraft.loot.LootTableManager/]: Couldn't parse loot table croparia:blocks/block_crop_invar: java.lang.IllegalArgumentException: Can't find block croparia:block_crop_invar
[08Jan2026 02:39:18.069] [Worker-Main-3/ERROR] [net.minecraft.loot.LootTableManager/]: Couldn't parse loot table croparia:blocks/block_crop_uranium: java.lang.IllegalArgumentException: Can't find block croparia:block_crop_uranium
[08Jan2026 02:39:18.092] [Worker-Main-3/ERROR] [net.minecraft.loot.LootTableManager/]: Couldn't parse loot table croparia:blocks/block_crop_refined_glowstone: java.lang.IllegalArgumentException: Can't find block croparia:block_crop_refined_glowstone
[08Jan2026 02:39:18.098] [Worker-Main-3/ERROR] [net.minecraft.loot.LootTableManager/]: Couldn't parse loot table croparia:blocks/block_crop_terrasteel: java.lang.IllegalArgumentException: Can't find block croparia:block_crop_terrasteel
[08Jan2026 02:39:18.122] [Worker-Main-3/ERROR] [net.minecraft.loot.LootTableManager/]: Couldn't parse loot table croparia:blocks/block_crop_manasteel: java.lang.IllegalArgumentException: Can't find block croparia:block_crop_manasteel
[08Jan2026 02:39:18.135] [Worker-Main-3/ERROR] [net.minecraft.loot.LootTableManager/]: Couldn't parse loot table croparia:blocks/block_crop_steeleaf: java.lang.IllegalArgumentException: Can't find block croparia:block_crop_steeleaf
[08Jan2026 02:39:18.141] [Worker-Main-3/ERROR] [net.minecraft.loot.LootTableManager/]: Couldn't parse loot table croparia:blocks/block_crop_dragonstone: java.lang.IllegalArgumentException: Can't find block croparia:block_crop_dragonstone
[08Jan2026 02:39:18.188] [Worker-Main-3/ERROR] [net.minecraft.loot.LootTableManager/]: Couldn't parse loot table croparia:blocks/block_crop_enderium: java.lang.IllegalArgumentException: Can't find block croparia:block_crop_enderium
[08Jan2026 02:39:18.214] [Worker-Main-3/ERROR] [net.minecraft.loot.LootTableManager/]: Couldn't parse loot table croparia:blocks/block_crop_hop_graphite: java.lang.IllegalArgumentException: Can't find block croparia:block_crop_hop_graphite
[08Jan2026 02:39:18.227] [Worker-Main-3/ERROR] [net.minecraft.loot.LootTableManager/]: Couldn't parse loot table croparia:blocks/block_crop_lead: java.lang.IllegalArgumentException: Can't find block croparia:block_crop_lead
[08Jan2026 02:39:18.269] [Worker-Main-3/WARN] [net.minecraft.loot.LootTableManager/]: Found validation problem in {minecraft:chests/pillager_outpost}.pools[8].entries[0].functions[2]: Parameters [<parameter minecraft:tool>] are not provided in this context
[08Jan2026 02:39:18.269] [Worker-Main-3/WARN] [net.minecraft.loot.LootTableManager/]: Found validation problem in {dungeons_arise:chests/illager_campsite/illager_campsite_tent}.pools[5].entries[0]->{minecraft:chests/pillager_outpost}.pools[8].entries[0].functions[2]: Parameters [<parameter minecraft:tool>] are not provided in this context
[08Jan2026 02:39:18.269] [Worker-Main-3/WARN] [net.minecraft.loot.LootTableManager/]: Found validation problem in {dungeons_arise:chests/campsite_tent}.pools[6].entries[0]->{minecraft:chests/pillager_outpost}.pools[8].entries[0].functions[2]: Parameters [<parameter minecraft:tool>] are not provided in this context
[08Jan2026 02:39:18.269] [Worker-Main-3/WARN] [net.minecraft.loot.LootTableManager/]: Found validation problem in {dungeons_arise:chests/illager_campsite/illager_campsite_map}.pools[7].entries[0]->{minecraft:chests/pillager_outpost}.pools[8].entries[0].functions[2]: Parameters [<parameter minecraft:tool>] are not provided in this context
[08Jan2026 02:39:18.270] [Worker-Main-3/ERROR] [net.minecraft.resources.FunctionReloader/]: Failed to load function duneons:nameless_clones
java.util.concurrent.CompletionException: java.lang.IllegalArgumentException: Unknown or invalid command '/summon duneons:namelessclone' on line 2 (did you mean 'summon'? Do not use a preceding forwards slash.)
	at java.util.concurrent.CompletableFuture.encodeThrowable(CompletableFuture.java:314) ~[?:?]
	at java.util.concurrent.CompletableFuture.completeThrowable(CompletableFuture.java:319) [?:?]
	at java.util.concurrent.CompletableFuture$AsyncSupply.run(CompletableFuture.java:1702) [?:?]
	at java.util.concurrent.CompletableFuture$AsyncSupply.exec(CompletableFuture.java:1692) [?:?]
	at java.util.concurrent.ForkJoinTask.doExec(ForkJoinTask.java:290) [?:?]
	at java.util.concurrent.ForkJoinPool$WorkQueue.topLevelExec(ForkJoinPool.java:1020) [?:?]
	at java.util.concurrent.ForkJoinPool.scan(ForkJoinPool.java:1656) [?:?]
	at java.util.concurrent.ForkJoinPool.runWorker(ForkJoinPool.java:1594) [?:?]
	at java.util.concurrent.ForkJoinWorkerThread.run(ForkJoinWorkerThread.java:183) [?:?]
Caused by: java.lang.IllegalArgumentException: Unknown or invalid command '/summon duneons:namelessclone' on line 2 (did you mean 'summon'? Do not use a preceding forwards slash.)
	at net.minecraft.command.FunctionObject.func_237140_a_(SourceFile:50) ~[?:?]
	at net.minecraft.resources.FunctionReloader.func_240935_a_(SourceFile:86) ~[?:?]
	at java.util.concurrent.CompletableFuture$AsyncSupply.run(CompletableFuture.java:1700) ~[?:?]
	... 6 more
[08Jan2026 02:39:18.280] [Worker-Main-3/INFO] [com.teampotato.redirector.Redirector/]: Redirecting net/minecraft/advancements/FrameType
[08Jan2026 02:39:18.285] [Worker-Main-3/INFO] [com.teampotato.redirector.Redirector/]: Redirecting de/teamlapen/vampirism/advancements/VampireActionTrigger$Action
[08Jan2026 02:39:18.298] [Worker-Main-3/INFO] [com.teampotato.redirector.Redirector/]: Redirecting de/teamlapen/vampirism/advancements/TriggerFaction$Type
[08Jan2026 02:39:18.332] [Worker-Main-3/ERROR] [net.minecraft.advancements.AdvancementManager/]: Parsing error loading custom advancement useless_sword:swordmaster: Expected item to be an item, was unknown string 'useless_sword:withersword'
[08Jan2026 02:39:18.375] [Worker-Main-3/INFO] [com.teampotato.redirector.Redirector/]: Redirecting de/teamlapen/vampirism/advancements/HunterActionTrigger$Action
[08Jan2026 02:39:18.415] [Worker-Main-3/INFO] [net.minecraft.advancements.AdvancementList/]: Loaded 2741 advancements
[08Jan2026 02:39:18.418] [Worker-Main-3/INFO] [Dungeon Crawl/]: Loading data...
[08Jan2026 02:39:18.431] [Worker-Main-3/INFO] [com.teampotato.redirector.Redirector/]: Redirecting xiroc/dungeoncrawl/dungeon/model/DungeonModelBlockType
[08Jan2026 02:39:18.618] [Worker-Main-3/INFO] [com.teampotato.redirector.Redirector/]: Redirecting xiroc/dungeoncrawl/dungeon/DungeonLayerType
[08Jan2026 02:39:18.700] [Worker-Main-3/INFO] [Dungeon Crawl/]: Done.
[08Jan2026 02:39:18.706] [Worker-Main-3/INFO] [com.teampotato.redirector.Redirector/]: Redirecting de/teamlapen/vampirism/world/loot/conditions/FactionCondition$Type
[08Jan2026 02:39:18.719] [Worker-Main-3/ERROR] [bettervillage/]: Ice And Fire compatibility is not enabled for Better Village and Ice And Fire is present in your mod list.
     - Please install the datapack for better compatibility between Better Villages and Ice And Fire.
     - You can find the datapack URL in the `compatibility` section of the Better Villages description.
     - URL=https://www.curseforge.com/minecraft/mc-mods/better-village-forge
[08Jan2026 02:39:18.721] [Worker-Main-3/INFO] [de.teamlapen.vampirism.player.skills.SkillTree/]: Loaded 80 skill nodes
[08Jan2026 02:39:18.724] [Worker-Main-3/INFO] [de.teamlapen.vampirism.entity.converted.VampirismEntityRegistry/]: Registered 12 convertibles
[08Jan2026 02:39:18.724] [Worker-Main-3/INFO] [Cucumber Library/]: Loaded cucumber-tags.json in 0 ms
[08Jan2026 02:39:18.730] [Worker-Main-3/INFO] [slimeknights.tconstruct.library.materials.definition.MaterialManager/]: Loaded 51 materials in 5.190981 ms
[08Jan2026 02:39:18.742] [Worker-Main-3/INFO] [slimeknights.tconstruct.library.materials.stats.MaterialStatsManager/]: 128 stats loaded for 67 materials in 12.555048 ms
[08Jan2026 02:39:18.757] [Worker-Main-3/INFO] [slimeknights.tconstruct.library.materials.traits.MaterialTraitsManager/]: 56 traits loaded for 67 materials in 14.830308 ms
[08Jan2026 02:39:18.775] [Worker-Main-3/INFO] [slimeknights.tconstruct.library.tools.layout.StationSlotLayoutLoader/]: Loaded 15 station slot layouts in 14.36443 ms
[08Jan2026 02:39:18.809] [main/INFO] [STDOUT/]: [tschipp.carryon.common.handler.ListHandler:initConfigLists:282]: [minecraft:soul_fire_base_blocks, forge:glass_panes/magenta, securitycraft:reinforced/oak_logs, forge:clean_endstone, tombstone:decorative_graves, vampirism:dark_spruce_log, forge:storage_blocks/netherite, securitycraft:reinforced/wool, forge:glass_panes/white, forge:gravel, forge:glass_panes/cyan, forge:ores/onyx, tconstruct:slimy_leaves, forge:glass_panes/light_gray, minecraft:wool, securitycraft:reinforced/sand, forge:glass/colorless, minecolonies:protectionexception, tconstruct:harvestable/stackable, forge:glass_panes/light_blue, minecraft:beehives, tconstruct:slimy_nylium, minecraft:ice, forge:ores/netherite_scrap, minecraft:crops, minecraft:dragon_immune, forge:netherbricks, forge:stained_glass, forge:glass/pink, forge:chests, forge:storage_blocks/emerald, forge:ores/redstone, tconstruct:harvestable, tconstruct:foundry/floor, forge:ores/adamantium, tconstruct:foundry/tanks, forge:storage_blocks/adamantine, minecraft:warped_stems, forge:glass/red, forge:storage_blocks/iron, securitycraft:reinforced/cobblestone, tconstruct:smeltery/tanks, forge:glass_panes/brown, forge:glass_panes/green, carryon:block_blacklist, minecraft:prevent_mob_spawning_inside, minecraft:climbable, forge:chests/trapped, structure_gel:gel, forge:fence_gates, minecraft:dark_oak_logs, forge:ores/mythril, tconstruct:scorched_blocks, minecraft:coral_plants, forge:glass_panes, minecraft:non_flammable_wood, forge:sandstone, ceramics:cistern_connections, forge:storage_blocks/copper, forge:glass_panes/colorless, tconstruct:chrysophilite_ores, securitycraft:reinforced/ice, forge:slime_block, securitycraft:reinforced/crimson_stems, tconstruct:seared_blocks, tconstruct:slimy_soil/earth, forge:ores/adamantite, forge:storage_blocks/soulsteel, twilightforest:antibuilder_ignores, securitycraft:reinforced/fences, minecraft:fences, minecraft:saplings, forge:storage_blocks/tin, forge:storage_blocks/lapis, forge:ores/copper, minecraft:beds, tconstruct:seared_bricks, forge:ores/diamond, minecraft:unstable_bottom_center, minecraft:doors, minecraft:enderman_holdable, forge:ores/prosperity, minecraft:banners, tconstruct:slimy_soil/vanilla, minecraft:infiniburn_overworld, minecraft:flower_pots, forge:storage_blocks/knightslime, minecraft:wooden_fences, minecraft:wall_post_override, tconstruct:anvil_metal, forge:obsidian, tconstruct:slimy_nylium/ichor, forge:enderman_place_on_blacklist, tombstone:grave_marbles, forge:ores/tin, forge:ores/metal, securitycraft:reinforced/stone, forge:glass/white, forge:glass_panes/red, minecraft:signs, minecraft:wither_summon_base_blocks, forge:glass/magenta, forge:ores/coal, minecraft:hoglin_repellents, minecraft:fire, minecraft:base_stone_nether, supertools:can_hammer, tconstruct:seared_tanks, minecraft:wall_signs, securitycraft:reinforced/dark_oak_logs, carryon:block_whitelist, securitycraft:reinforced/wooden_stairs, forge:sand/colorless, securitycraft:reinforced/warped_stems, securitycraft:reinforced/walls, minecraft:trapdoors, tconstruct:smeltery/floor, tconstruct:slimy_grass/sky, forge:glass/cyan, forge:glass, tconstruct:harvestable/crops, forge:storage_blocks/mythril, securitycraft:reinforced/nylium, minecraft:soul_speed_blocks, twilightforest:antibuilder_blacklist, tconstruct:skyroot_logs, tconstruct:slimy_soil/sky, securitycraft:reinforced/wooden_slabs, minecraft:leaves, minecraft:walls, tconstruct:slimy_logs, minecraft:coral_blocks, tconstruct:slimy_grass, forge:storage_blocks/rose_gold, forge:glass/green, forge:glass_panes/gray, minecraft:wither_immune, minecraft:acacia_logs, elevatorid:elevators, tconstruct:slimy_soil/ender, forge:storage_blocks/silicon_bronze, tconstruct:slimy_tree_trunks, forge:stained_glass_panes, capsule:excluded, minecraft:underwater_bonemeals, forge:storage_blocks/queens_slime, securitycraft:secret_standing_signs, tombstone:player_graves, vampirism:cursed_spruce_log, forge:sand/red, forge:ores/soulium, minecraft:impermeable, vampirism:castle_block, forge:workbenches, minecraft:sand, forge:end_stones, forge:glass/brown, forge:storage_blocks/onyx, minecraft:logs_that_burn, forge:fences/wooden, forge:glass/gray, minecraft:campfires, forge:storage_blocks, minecraft:infiniburn_nether, tconstruct:fuel_tanks, forge:magma_block, forge:glass_panes/orange, forge:glass/light_gray, tconstruct:slimy_soil, forge:ores/quartz, forge:ores/cobalt, minecraft:wooden_slabs, forge:glass/blue, securitycraft:reinforced/logs, minecraft:small_flowers, minecraft:wooden_trapdoors, securitycraft:reinforced/wooden_buttons, forge:storage_blocks/coal, forge:glass_panes/black, forge:glass/light_blue, securitycraft:reinforced/dirt, securitycraft:reinforced/wooden_fence_gates, forge:storage_blocks/redstone, vampirism:cursed_earth, forge:glass_panes/blue, minecraft:stairs, tconstruct:slimy_nylium/blood, tconstruct:bloodshroom_logs, minecraft:logs, tconstruct:tables, forge:ores/adamantine, tconstruct:slimy_saplings, securitycraft:reinforced/planks, forge:stone, minecraft:valid_spawn, minecraft:mushroom_grow_block, minecraft:wooden_doors, minecraft:standing_signs, minecraft:infiniburn_end, supertools:can_shovel, securitycraft:reinforced/end_stones, forge:glass_panes/yellow, tconstruct:planklike, forge:glass/purple, minecraft:crimson_stems, securitycraft:reinforced/stairs, minecraft:wart_blocks, forge:ores/mithril, tconstruct:tree_log, tconstruct:slime_block, minecraft:beacon_base_blocks, forge:storage_blocks/adamantium, securitycraft:secret_wall_signs, tconstruct:scorched_tanks, minecraft:shulker_boxes, vampirism:castle_slaps, securitycraft:secret_signs, minecraft:anvil, forge:ores/silver, minecraft:birch_logs, securitycraft:reinforced/cobweb, tconstruct:slimy_planks, tconstruct:slimy_grass/ender, forge:sand, minecraft:wall_corals, securitycraft:reinforced/jungle_logs, iceandfire:myrmex_harvestables, forge:glass_panes/purple, tconstruct:slimy_soil/ichor, forge:glass/yellow, forge:storage_blocks/adamantite, minecraft:oak_logs, forge:ores/gold, forge:storage_blocks/hepatizon, forge:barrels, securitycraft:reinforced/wooden_fences, minecraft:piglin_repellents, forge:ores/inferium, forge:ores/lapis, forge:glass/black, securitycraft:reinforced/wooden_pressure_plates, minecraft:portals, forge:storage_blocks/slimesteel, securitycraft:reinforced/slabs, securitycraft:reinforced/spruce_logs, forge:dirt, minecraft:bamboo_plantable_on, forge:fences/nether_brick, forge:glass/lime, forge:chests/wooden, forge:ores/iron, forge:storage_blocks/pig_iron, minecraft:pressure_plates, minecraft:jungle_logs, tombstone:graves, forge:chests/ender, minecraft:wooden_stairs, minecraft:spruce_logs, securitycraft:reinforced/stone_bricks, minecraft:base_stone_overworld, minecraft:carpets, minecraft:wooden_buttons, forge:storage_blocks/mithril, forge:storage_blocks/glowstone, forge:fence_gates/wooden, minecraft:stone_bricks, forge:storage_blocks/quartz, forge:prismarine, securitycraft:reinforced/birch_logs, forge:glass/orange, forge:glass_panes/lime, forge:storage_blocks/manyullyn, securitycraft:reinforced/terracotta, tconstruct:foundry/wall, tconstruct:smeltery/wall, minecraft:slabs, minecraft:guarded_by_piglins, forge:ores/emerald, securitycraft:reinforced/stone_pressure_plates, tconstruct:greenheart_logs, forge:bone_block, mysticalagriculture:crops, tconstruct:congealed_slime, forge:ores/gem, minecraft:corals, minecraft:flowers, minecraft:buttons, forge:storage_blocks/cobalt, minecraft:planks, forge:cobblestone, minecraft:rails, securitycraft:reinforced/buttons, forge:barrels/wooden, tconstruct:harvestable/interact, securitycraft:reinforced/acacia_logs, tconstruct:slimy_grass/earth, minecraft:strider_warm_blocks, forge:storage_blocks/gold, minecraft:fence_gates, tconstruct:foundry, forge:ores, minecraft:bee_growables, minecraft:wooden_pressure_plates, tconstruct:alloyer_tanks, minecraft:tall_flowers, forge:fences, tconstruct:heater_controllers, minecraft:stone_pressure_plates, securitycraft:reinforced/glass_panes, forge:storage_blocks/diamond, minecraft:nylium, minecraft:gold_ores, forge:glass_panes/pink, tconstruct:smeltery, forge:netherrack, securitycraft:reinforced/carpets, vampirism:castle_stairs, securitycraft:reinforced/pressure_plates]
[08Jan2026 02:39:18.811] [main/INFO] [STDOUT/]: [tschipp.carryon.common.handler.ListHandler:initConfigLists:282]: [minecraft:soul_fire_base_blocks, forge:glass_panes/magenta, securitycraft:reinforced/oak_logs, forge:clean_endstone, tombstone:decorative_graves, vampirism:dark_spruce_log, forge:storage_blocks/netherite, securitycraft:reinforced/wool, forge:glass_panes/white, forge:gravel, forge:glass_panes/cyan, forge:ores/onyx, tconstruct:slimy_leaves, forge:glass_panes/light_gray, minecraft:wool, securitycraft:reinforced/sand, forge:glass/colorless, minecolonies:protectionexception, tconstruct:harvestable/stackable, forge:glass_panes/light_blue, minecraft:beehives, tconstruct:slimy_nylium, minecraft:ice, forge:ores/netherite_scrap, minecraft:crops, minecraft:dragon_immune, forge:netherbricks, forge:stained_glass, forge:glass/pink, forge:chests, forge:storage_blocks/emerald, forge:ores/redstone, tconstruct:harvestable, tconstruct:foundry/floor, forge:ores/adamantium, tconstruct:foundry/tanks, forge:storage_blocks/adamantine, minecraft:warped_stems, forge:glass/red, forge:storage_blocks/iron, securitycraft:reinforced/cobblestone, tconstruct:smeltery/tanks, forge:glass_panes/brown, forge:glass_panes/green, carryon:block_blacklist, minecraft:prevent_mob_spawning_inside, minecraft:climbable, forge:chests/trapped, structure_gel:gel, forge:fence_gates, minecraft:dark_oak_logs, forge:ores/mythril, tconstruct:scorched_blocks, minecraft:coral_plants, forge:glass_panes, minecraft:non_flammable_wood, forge:sandstone, ceramics:cistern_connections, forge:storage_blocks/copper, forge:glass_panes/colorless, tconstruct:chrysophilite_ores, securitycraft:reinforced/ice, forge:slime_block, securitycraft:reinforced/crimson_stems, tconstruct:seared_blocks, tconstruct:slimy_soil/earth, forge:ores/adamantite, forge:storage_blocks/soulsteel, twilightforest:antibuilder_ignores, securitycraft:reinforced/fences, minecraft:fences, minecraft:saplings, forge:storage_blocks/tin, forge:storage_blocks/lapis, forge:ores/copper, minecraft:beds, tconstruct:seared_bricks, forge:ores/diamond, minecraft:unstable_bottom_center, minecraft:doors, minecraft:enderman_holdable, forge:ores/prosperity, minecraft:banners, tconstruct:slimy_soil/vanilla, minecraft:infiniburn_overworld, minecraft:flower_pots, forge:storage_blocks/knightslime, minecraft:wooden_fences, minecraft:wall_post_override, tconstruct:anvil_metal, forge:obsidian, tconstruct:slimy_nylium/ichor, forge:enderman_place_on_blacklist, tombstone:grave_marbles, forge:ores/tin, forge:ores/metal, securitycraft:reinforced/stone, forge:glass/white, forge:glass_panes/red, minecraft:signs, minecraft:wither_summon_base_blocks, forge:glass/magenta, forge:ores/coal, minecraft:hoglin_repellents, minecraft:fire, minecraft:base_stone_nether, supertools:can_hammer, tconstruct:seared_tanks, minecraft:wall_signs, securitycraft:reinforced/dark_oak_logs, carryon:block_whitelist, securitycraft:reinforced/wooden_stairs, forge:sand/colorless, securitycraft:reinforced/warped_stems, securitycraft:reinforced/walls, minecraft:trapdoors, tconstruct:smeltery/floor, tconstruct:slimy_grass/sky, forge:glass/cyan, forge:glass, tconstruct:harvestable/crops, forge:storage_blocks/mythril, securitycraft:reinforced/nylium, minecraft:soul_speed_blocks, twilightforest:antibuilder_blacklist, tconstruct:skyroot_logs, tconstruct:slimy_soil/sky, securitycraft:reinforced/wooden_slabs, minecraft:leaves, minecraft:walls, tconstruct:slimy_logs, minecraft:coral_blocks, tconstruct:slimy_grass, forge:storage_blocks/rose_gold, forge:glass/green, forge:glass_panes/gray, minecraft:wither_immune, minecraft:acacia_logs, elevatorid:elevators, tconstruct:slimy_soil/ender, forge:storage_blocks/silicon_bronze, tconstruct:slimy_tree_trunks, forge:stained_glass_panes, capsule:excluded, minecraft:underwater_bonemeals, forge:storage_blocks/queens_slime, securitycraft:secret_standing_signs, tombstone:player_graves, vampirism:cursed_spruce_log, forge:sand/red, forge:ores/soulium, minecraft:impermeable, vampirism:castle_block, forge:workbenches, minecraft:sand, forge:end_stones, forge:glass/brown, forge:storage_blocks/onyx, minecraft:logs_that_burn, forge:fences/wooden, forge:glass/gray, minecraft:campfires, forge:storage_blocks, minecraft:infiniburn_nether, tconstruct:fuel_tanks, forge:magma_block, forge:glass_panes/orange, forge:glass/light_gray, tconstruct:slimy_soil, forge:ores/quartz, forge:ores/cobalt, minecraft:wooden_slabs, forge:glass/blue, securitycraft:reinforced/logs, minecraft:small_flowers, minecraft:wooden_trapdoors, securitycraft:reinforced/wooden_buttons, forge:storage_blocks/coal, forge:glass_panes/black, forge:glass/light_blue, securitycraft:reinforced/dirt, securitycraft:reinforced/wooden_fence_gates, forge:storage_blocks/redstone, vampirism:cursed_earth, forge:glass_panes/blue, minecraft:stairs, tconstruct:slimy_nylium/blood, tconstruct:bloodshroom_logs, minecraft:logs, tconstruct:tables, forge:ores/adamantine, tconstruct:slimy_saplings, securitycraft:reinforced/planks, forge:stone, minecraft:valid_spawn, minecraft:mushroom_grow_block, minecraft:wooden_doors, minecraft:standing_signs, minecraft:infiniburn_end, supertools:can_shovel, securitycraft:reinforced/end_stones, forge:glass_panes/yellow, tconstruct:planklike, forge:glass/purple, minecraft:crimson_stems, securitycraft:reinforced/stairs, minecraft:wart_blocks, forge:ores/mithril, tconstruct:tree_log, tconstruct:slime_block, minecraft:beacon_base_blocks, forge:storage_blocks/adamantium, securitycraft:secret_wall_signs, tconstruct:scorched_tanks, minecraft:shulker_boxes, vampirism:castle_slaps, securitycraft:secret_signs, minecraft:anvil, forge:ores/silver, minecraft:birch_logs, securitycraft:reinforced/cobweb, tconstruct:slimy_planks, tconstruct:slimy_grass/ender, forge:sand, minecraft:wall_corals, securitycraft:reinforced/jungle_logs, iceandfire:myrmex_harvestables, forge:glass_panes/purple, tconstruct:slimy_soil/ichor, forge:glass/yellow, forge:storage_blocks/adamantite, minecraft:oak_logs, forge:ores/gold, forge:storage_blocks/hepatizon, forge:barrels, securitycraft:reinforced/wooden_fences, minecraft:piglin_repellents, forge:ores/inferium, forge:ores/lapis, forge:glass/black, securitycraft:reinforced/wooden_pressure_plates, minecraft:portals, forge:storage_blocks/slimesteel, securitycraft:reinforced/slabs, securitycraft:reinforced/spruce_logs, forge:dirt, minecraft:bamboo_plantable_on, forge:fences/nether_brick, forge:glass/lime, forge:chests/wooden, forge:ores/iron, forge:storage_blocks/pig_iron, minecraft:pressure_plates, minecraft:jungle_logs, tombstone:graves, forge:chests/ender, minecraft:wooden_stairs, minecraft:spruce_logs, securitycraft:reinforced/stone_bricks, minecraft:base_stone_overworld, minecraft:carpets, minecraft:wooden_buttons, forge:storage_blocks/mithril, forge:storage_blocks/glowstone, forge:fence_gates/wooden, minecraft:stone_bricks, forge:storage_blocks/quartz, forge:prismarine, securitycraft:reinforced/birch_logs, forge:glass/orange, forge:glass_panes/lime, forge:storage_blocks/manyullyn, securitycraft:reinforced/terracotta, tconstruct:foundry/wall, tconstruct:smeltery/wall, minecraft:slabs, minecraft:guarded_by_piglins, forge:ores/emerald, securitycraft:reinforced/stone_pressure_plates, tconstruct:greenheart_logs, forge:bone_block, mysticalagriculture:crops, tconstruct:congealed_slime, forge:ores/gem, minecraft:corals, minecraft:flowers, minecraft:buttons, forge:storage_blocks/cobalt, minecraft:planks, forge:cobblestone, minecraft:rails, securitycraft:reinforced/buttons, forge:barrels/wooden, tconstruct:harvestable/interact, securitycraft:reinforced/acacia_logs, tconstruct:slimy_grass/earth, minecraft:strider_warm_blocks, forge:storage_blocks/gold, minecraft:fence_gates, tconstruct:foundry, forge:ores, minecraft:bee_growables, minecraft:wooden_pressure_plates, tconstruct:alloyer_tanks, minecraft:tall_flowers, forge:fences, tconstruct:heater_controllers, minecraft:stone_pressure_plates, securitycraft:reinforced/glass_panes, forge:storage_blocks/diamond, minecraft:nylium, minecraft:gold_ores, forge:glass_panes/pink, tconstruct:smeltery, forge:netherrack, securitycraft:reinforced/carpets, vampirism:castle_stairs, securitycraft:reinforced/pressure_plates]
[08Jan2026 02:39:18.873] [main/INFO] [com.teampotato.redirector.Redirector/]: Redirecting com/telepathicgrunt/repurposedstructures/world/predicates/MatterPhaseRuleTest$MATTER_PHASE
[08Jan2026 02:39:19.085] [main/ERROR] [net.minecraftforge.fml.FMLWorldPersistenceHook/WP]: This world was saved with mod smelting_touch_rebooted which appears to be missing, things may not work well
[08Jan2026 02:39:19.085] [main/ERROR] [net.minecraftforge.fml.FMLWorldPersistenceHook/WP]: This world was saved with mod enchantedness which appears to be missing, things may not work well
[08Jan2026 02:39:19.189] [main/INFO] [com.teampotato.redirector.Redirector/]: Redirecting net/minecraftforge/event/RegistryEvent$MissingMappings$Action
[08Jan2026 02:39:19.192] [main/ERROR] [net.minecraftforge.registries.GameData/REGISTRIES]: Unidentified mapping from registry minecraft:enchantment
	smelting_touch_rebooted:smelting: 48

[08Jan2026 02:39:19.194] [main/ERROR] [net.minecraftforge.registries.GameData/REGISTRIES]: Unidentified mapping from registry minecraft:item
	enchantedness:aqua_affinity_book: 5965
	enchantedness:bane_of_arthropods_book: 5966
	enchantedness:blast_protection_book: 5967
	enchantedness:channeling_book: 5968
	enchantedness:depth_strider_book: 5969
	enchantedness:efficiency_book: 5962
	enchantedness:feather_falling_book: 5970
	enchantedness:fortune_book: 5963
	enchantedness:unbreaking_book: 5964

[08Jan2026 02:39:19.194] [main/WARN] [net.minecraftforge.registries.GameData/REGISTRIES]: Forge Mod Loader detected missing registry entries.

There are 10 missing entries in this save.
If you continue the missing entries will get removed.
A world backup will be automatically created in your saves directory.


[08Jan2026 02:39:19.195] [main/WARN] [net.minecraftforge.registries.GameData/REGISTRIES]: Missing minecraft:item:
    enchantedness:aqua_affinity_book
    enchantedness:bane_of_arthropods_book
    enchantedness:blast_protection_book
    enchantedness:channeling_book
    enchantedness:depth_strider_book
    enchantedness:efficiency_book
    enchantedness:feather_falling_book
    enchantedness:fortune_book
    enchantedness:unbreaking_book

Missing minecraft:enchantment:
    smelting_touch_rebooted:smelting


[08Jan2026 02:39:19.195] [main/ERROR] [net.minecraftforge.registries.GameData/REGISTRIES]: There are unidentified mappings in this world - we are going to attempt to process anyway
[08Jan2026 02:39:19.430] [Server thread/INFO] [net.minecraft.server.dedicated.DedicatedServer/]: Starting minecraft server version 1.16.5
[08Jan2026 02:39:19.430] [Server thread/INFO] [net.minecraft.server.dedicated.DedicatedServer/]: Loading properties
[08Jan2026 02:39:19.432] [Server thread/INFO] [net.minecraft.server.dedicated.DedicatedServer/]: Default game type: SURVIVAL
[08Jan2026 02:39:19.432] [Server thread/INFO] [net.minecraft.server.MinecraftServer/]: Generating keypair
[08Jan2026 02:39:19.578] [Server thread/INFO] [net.minecraft.server.dedicated.DedicatedServer/]: Starting Minecraft server on *:25565
[08Jan2026 02:39:19.596] [Server thread/INFO] [net.minecraft.network.NetworkSystem/]: Using epoll channel type
[08Jan2026 02:39:19.685] [Server thread/WARN] [net.minecraft.server.dedicated.DedicatedServer/]: **** SERVER IS RUNNING IN OFFLINE/INSECURE MODE!
[08Jan2026 02:39:19.686] [Server thread/WARN] [net.minecraft.server.dedicated.DedicatedServer/]: The server will make no attempt to authenticate usernames. Beware.
[08Jan2026 02:39:19.686] [Server thread/WARN] [net.minecraft.server.dedicated.DedicatedServer/]: While this makes the game possible to play without internet access, it also opens up the ability for hackers to connect with any username they choose.
[08Jan2026 02:39:19.686] [Server thread/WARN] [net.minecraft.server.dedicated.DedicatedServer/]: To change this, set "online-mode" to "true" in the server.properties file.
[08Jan2026 02:39:19.711] [Server thread/INFO] [STDOUT/]: [tschipp.carryon.common.handler.ListHandler:initConfigLists:282]: [minecraft:soul_fire_base_blocks, forge:glass_panes/magenta, securitycraft:reinforced/oak_logs, forge:clean_endstone, tombstone:decorative_graves, vampirism:dark_spruce_log, forge:storage_blocks/netherite, securitycraft:reinforced/wool, forge:glass_panes/white, forge:gravel, forge:glass_panes/cyan, forge:ores/onyx, tconstruct:slimy_leaves, forge:glass_panes/light_gray, minecraft:wool, securitycraft:reinforced/sand, forge:glass/colorless, minecolonies:protectionexception, tconstruct:harvestable/stackable, forge:glass_panes/light_blue, minecraft:beehives, tconstruct:slimy_nylium, minecraft:ice, forge:ores/netherite_scrap, minecraft:crops, minecraft:dragon_immune, forge:netherbricks, forge:stained_glass, forge:glass/pink, forge:chests, forge:storage_blocks/emerald, forge:ores/redstone, tconstruct:harvestable, tconstruct:foundry/floor, forge:ores/adamantium, tconstruct:foundry/tanks, forge:storage_blocks/adamantine, minecraft:warped_stems, forge:glass/red, forge:storage_blocks/iron, securitycraft:reinforced/cobblestone, tconstruct:smeltery/tanks, forge:glass_panes/brown, forge:glass_panes/green, carryon:block_blacklist, minecraft:prevent_mob_spawning_inside, minecraft:climbable, forge:chests/trapped, structure_gel:gel, forge:fence_gates, minecraft:dark_oak_logs, forge:ores/mythril, tconstruct:scorched_blocks, minecraft:coral_plants, forge:glass_panes, minecraft:non_flammable_wood, forge:sandstone, ceramics:cistern_connections, forge:storage_blocks/copper, forge:glass_panes/colorless, tconstruct:chrysophilite_ores, securitycraft:reinforced/ice, forge:slime_block, securitycraft:reinforced/crimson_stems, tconstruct:seared_blocks, tconstruct:slimy_soil/earth, forge:ores/adamantite, forge:storage_blocks/soulsteel, twilightforest:antibuilder_ignores, securitycraft:reinforced/fences, minecraft:fences, minecraft:saplings, forge:storage_blocks/tin, forge:storage_blocks/lapis, forge:ores/copper, minecraft:beds, tconstruct:seared_bricks, forge:ores/diamond, minecraft:unstable_bottom_center, minecraft:doors, minecraft:enderman_holdable, forge:ores/prosperity, minecraft:banners, tconstruct:slimy_soil/vanilla, minecraft:infiniburn_overworld, minecraft:flower_pots, forge:storage_blocks/knightslime, minecraft:wooden_fences, minecraft:wall_post_override, tconstruct:anvil_metal, forge:obsidian, tconstruct:slimy_nylium/ichor, forge:enderman_place_on_blacklist, tombstone:grave_marbles, forge:ores/tin, forge:ores/metal, securitycraft:reinforced/stone, forge:glass/white, forge:glass_panes/red, minecraft:signs, minecraft:wither_summon_base_blocks, forge:glass/magenta, forge:ores/coal, minecraft:hoglin_repellents, minecraft:fire, minecraft:base_stone_nether, supertools:can_hammer, tconstruct:seared_tanks, minecraft:wall_signs, securitycraft:reinforced/dark_oak_logs, carryon:block_whitelist, securitycraft:reinforced/wooden_stairs, forge:sand/colorless, securitycraft:reinforced/warped_stems, securitycraft:reinforced/walls, minecraft:trapdoors, tconstruct:smeltery/floor, tconstruct:slimy_grass/sky, forge:glass/cyan, forge:glass, tconstruct:harvestable/crops, forge:storage_blocks/mythril, securitycraft:reinforced/nylium, minecraft:soul_speed_blocks, twilightforest:antibuilder_blacklist, tconstruct:skyroot_logs, tconstruct:slimy_soil/sky, securitycraft:reinforced/wooden_slabs, minecraft:leaves, minecraft:walls, tconstruct:slimy_logs, minecraft:coral_blocks, tconstruct:slimy_grass, forge:storage_blocks/rose_gold, forge:glass/green, forge:glass_panes/gray, minecraft:wither_immune, minecraft:acacia_logs, elevatorid:elevators, tconstruct:slimy_soil/ender, forge:storage_blocks/silicon_bronze, tconstruct:slimy_tree_trunks, forge:stained_glass_panes, capsule:excluded, minecraft:underwater_bonemeals, forge:storage_blocks/queens_slime, securitycraft:secret_standing_signs, tombstone:player_graves, vampirism:cursed_spruce_log, forge:sand/red, forge:ores/soulium, minecraft:impermeable, vampirism:castle_block, forge:workbenches, minecraft:sand, forge:end_stones, forge:glass/brown, forge:storage_blocks/onyx, minecraft:logs_that_burn, forge:fences/wooden, forge:glass/gray, minecraft:campfires, forge:storage_blocks, minecraft:infiniburn_nether, tconstruct:fuel_tanks, forge:magma_block, forge:glass_panes/orange, forge:glass/light_gray, tconstruct:slimy_soil, forge:ores/quartz, forge:ores/cobalt, minecraft:wooden_slabs, forge:glass/blue, securitycraft:reinforced/logs, minecraft:small_flowers, minecraft:wooden_trapdoors, securitycraft:reinforced/wooden_buttons, forge:storage_blocks/coal, forge:glass_panes/black, forge:glass/light_blue, securitycraft:reinforced/dirt, securitycraft:reinforced/wooden_fence_gates, forge:storage_blocks/redstone, vampirism:cursed_earth, forge:glass_panes/blue, minecraft:stairs, tconstruct:slimy_nylium/blood, tconstruct:bloodshroom_logs, minecraft:logs, tconstruct:tables, forge:ores/adamantine, tconstruct:slimy_saplings, securitycraft:reinforced/planks, forge:stone, minecraft:valid_spawn, minecraft:mushroom_grow_block, minecraft:wooden_doors, minecraft:standing_signs, minecraft:infiniburn_end, supertools:can_shovel, securitycraft:reinforced/end_stones, forge:glass_panes/yellow, tconstruct:planklike, forge:glass/purple, minecraft:crimson_stems, securitycraft:reinforced/stairs, minecraft:wart_blocks, forge:ores/mithril, tconstruct:tree_log, tconstruct:slime_block, minecraft:beacon_base_blocks, forge:storage_blocks/adamantium, securitycraft:secret_wall_signs, tconstruct:scorched_tanks, minecraft:shulker_boxes, vampirism:castle_slaps, securitycraft:secret_signs, minecraft:anvil, forge:ores/silver, minecraft:birch_logs, securitycraft:reinforced/cobweb, tconstruct:slimy_planks, tconstruct:slimy_grass/ender, forge:sand, minecraft:wall_corals, securitycraft:reinforced/jungle_logs, iceandfire:myrmex_harvestables, forge:glass_panes/purple, tconstruct:slimy_soil/ichor, forge:glass/yellow, forge:storage_blocks/adamantite, minecraft:oak_logs, forge:ores/gold, forge:storage_blocks/hepatizon, forge:barrels, securitycraft:reinforced/wooden_fences, minecraft:piglin_repellents, forge:ores/inferium, forge:ores/lapis, forge:glass/black, securitycraft:reinforced/wooden_pressure_plates, minecraft:portals, forge:storage_blocks/slimesteel, securitycraft:reinforced/slabs, securitycraft:reinforced/spruce_logs, forge:dirt, minecraft:bamboo_plantable_on, forge:fences/nether_brick, forge:glass/lime, forge:chests/wooden, forge:ores/iron, forge:storage_blocks/pig_iron, minecraft:pressure_plates, minecraft:jungle_logs, tombstone:graves, forge:chests/ender, minecraft:wooden_stairs, minecraft:spruce_logs, securitycraft:reinforced/stone_bricks, minecraft:base_stone_overworld, minecraft:carpets, minecraft:wooden_buttons, forge:storage_blocks/mithril, forge:storage_blocks/glowstone, forge:fence_gates/wooden, minecraft:stone_bricks, forge:storage_blocks/quartz, forge:prismarine, securitycraft:reinforced/birch_logs, forge:glass/orange, forge:glass_panes/lime, forge:storage_blocks/manyullyn, securitycraft:reinforced/terracotta, tconstruct:foundry/wall, tconstruct:smeltery/wall, minecraft:slabs, minecraft:guarded_by_piglins, forge:ores/emerald, securitycraft:reinforced/stone_pressure_plates, tconstruct:greenheart_logs, forge:bone_block, mysticalagriculture:crops, tconstruct:congealed_slime, forge:ores/gem, minecraft:corals, minecraft:flowers, minecraft:buttons, forge:storage_blocks/cobalt, minecraft:planks, forge:cobblestone, minecraft:rails, securitycraft:reinforced/buttons, forge:barrels/wooden, tconstruct:harvestable/interact, securitycraft:reinforced/acacia_logs, tconstruct:slimy_grass/earth, minecraft:strider_warm_blocks, forge:storage_blocks/gold, minecraft:fence_gates, tconstruct:foundry, forge:ores, minecraft:bee_growables, minecraft:wooden_pressure_plates, tconstruct:alloyer_tanks, minecraft:tall_flowers, forge:fences, tconstruct:heater_controllers, minecraft:stone_pressure_plates, securitycraft:reinforced/glass_panes, forge:storage_blocks/diamond, minecraft:nylium, minecraft:gold_ores, forge:glass_panes/pink, tconstruct:smeltery, forge:netherrack, securitycraft:reinforced/carpets, vampirism:castle_stairs, securitycraft:reinforced/pressure_plates]
[08Jan2026 02:39:19.730] [Server thread/INFO] [com.teampotato.redirector.Redirector/]: Redirecting net/geforcemods/securitycraft/util/TeamUtils$TeamType
[08Jan2026 02:39:19.765] [Server thread/INFO] [ModernFix/]: Starting locating executor service with thread pool size of 1
[08Jan2026 02:39:19.786] [Server thread/INFO] [net.minecraft.server.dedicated.DedicatedServer/]: Preparing level "world"
[08Jan2026 02:39:19.800] [Server thread/INFO] [com.teampotato.redirector.Redirector/]: Redirecting net/minecraft/village/VillageSiege$State
[08Jan2026 02:39:19.812] [Server thread/INFO] [com.teampotato.redirector.Redirector/]: Redirecting net/minecraft/world/TickPriority
[08Jan2026 02:39:19.867] [Server thread/INFO] [com.teampotato.redirector.Redirector/]: Redirecting net/minecraft/world/chunk/storage/IOWorker$Priority
[08Jan2026 02:39:19.885] [Server thread/INFO] [com.teampotato.redirector.Redirector/]: Redirecting net/minecraft/world/LightType
[08Jan2026 02:39:19.932] [Server thread/INFO] [com.teampotato.redirector.Redirector/]: Redirecting ovh/corail/tombstone/spawner/CustomVillageSiege$SiegeState
[08Jan2026 02:39:19.933] [Server thread/INFO] [com.teampotato.redirector.Redirector/]: Redirecting ovh/corail/tombstone/helper/TamableType
[08Jan2026 02:39:19.948] [Server thread/INFO] [com.teampotato.redirector.Redirector/]: Redirecting com/github/alexthe666/citadel/server/entity/datatracker/EntityPropertiesHandler
[08Jan2026 02:39:19.970] [Server thread/INFO] [com.teampotato.redirector.Redirector/]: Redirecting net/minecraft/entity/projectile/AbstractArrowEntity$PickupStatus
[08Jan2026 02:39:19.975] [Server thread/INFO] [com.teampotato.redirector.Redirector/]: Redirecting net/minecraft/entity/ai/controller/MovementController$Action
[08Jan2026 02:39:20.007] [Server thread/INFO] [com.teampotato.redirector.Redirector/]: Redirecting net/minecraft/entity/monster/SpellcastingIllagerEntity$SpellType
[08Jan2026 02:39:20.015] [Server thread/INFO] [com.teampotato.redirector.Redirector/]: Redirecting net/minecraft/entity/ai/brain/memory/MemoryModuleStatus
[08Jan2026 02:39:20.015] [Server thread/INFO] [com.teampotato.redirector.Redirector/]: Redirecting net/minecraft/entity/ai/brain/task/Task$Status
[08Jan2026 02:39:20.022] [Server thread/INFO] [com.teampotato.redirector.Redirector/]: Redirecting net/minecraft/entity/ai/brain/task/MultiTask$Ordering
[08Jan2026 02:39:20.023] [Server thread/INFO] [com.teampotato.redirector.Redirector/]: Redirecting net/minecraft/entity/ai/brain/task/MultiTask$RunType
[08Jan2026 02:39:20.038] [Server thread/INFO] [com.teampotato.redirector.Redirector/]: Redirecting net/minecraft/entity/passive/MooshroomEntity$Type
[08Jan2026 02:39:20.042] [Server thread/INFO] [com.teampotato.redirector.Redirector/]: Redirecting net/minecraft/entity/monster/PhantomEntity$AttackPhase
[08Jan2026 02:39:20.056] [Server thread/INFO] [com.teampotato.redirector.Redirector/]: Redirecting net/minecraft/entity/ai/brain/task/ShootTargetTask$Status
[08Jan2026 02:39:20.063] [Server thread/INFO] [com.teampotato.redirector.Redirector/]: Redirecting net/minecraft/entity/ai/goal/RangedCrossbowAttackGoal$CrossbowState
[08Jan2026 02:39:20.072] [Server thread/INFO] [com.teampotato.redirector.Redirector/]: Redirecting net/minecraft/entity/passive/fish/TropicalFishEntity$Type
[08Jan2026 02:39:20.107] [Server thread/INFO] [com.teampotato.redirector.Redirector/]: Redirecting net/minecraft/world/BossInfo$Color
[08Jan2026 02:39:20.129] [Server thread/INFO] [com.teampotato.redirector.Redirector/]: Redirecting com/bobmowzie/mowziesmobs/server/entity/grottol/EntityGrottol$EnumDeathType
[08Jan2026 02:39:20.131] [Server thread/INFO] [com.teampotato.redirector.Redirector/]: Redirecting com/bobmowzie/mowziesmobs/server/entity/naga/EntityNaga$EnumNagaMovement
[08Jan2026 02:39:20.133] [Server thread/INFO] [com.teampotato.redirector.Redirector/]: Redirecting com/bobmowzie/mowziesmobs/server/entity/effects/EntityBoulder$BoulderSizeEnum
[08Jan2026 02:39:20.134] [Server thread/INFO] [com.teampotato.redirector.Redirector/]: Redirecting com/bobmowzie/mowziesmobs/server/entity/effects/EntityFallingBlock$EnumFallingBlockMode
[08Jan2026 02:39:20.136] [Server thread/INFO] [com.teampotato.redirector.Redirector/]: Redirecting com/github/alexthe666/iceandfire/pathfinding/raycoms/AdvancedPathNavigate$MovementType
[08Jan2026 02:39:20.150] [Server thread/INFO] [com.teampotato.redirector.Redirector/]: Redirecting com/github/alexthe666/iceandfire/entity/IafDragonAttacks$Air
[08Jan2026 02:39:20.150] [Server thread/INFO] [com.teampotato.redirector.Redirector/]: Redirecting com/github/alexthe666/iceandfire/entity/IafDragonAttacks$Ground
[08Jan2026 02:39:20.166] [Server thread/INFO] [com.teampotato.redirector.Redirector/]: Redirecting com/github/alexthe666/iceandfire/entity/ai/MyrmexAIReEnterHive$Phases
[08Jan2026 02:39:20.181] [Server thread/INFO] [com.teampotato.redirector.Redirector/]: Redirecting com/github/alexthe666/iceandfire/entity/EntityAmphithere$FlightBehavior
[08Jan2026 02:39:20.238] [Server thread/INFO] [com.teampotato.redirector.Redirector/]: Redirecting net/geforcemods/securitycraft/entity/sentry/Sentry$SentryMode
[08Jan2026 02:39:20.240] [Server thread/INFO] [com.teampotato.redirector.Redirector/]: Redirecting net/geforcemods/securitycraft/misc/TargetingMode
[08Jan2026 02:39:20.244] [Server thread/INFO] [com.teampotato.redirector.Redirector/]: Redirecting de/teamlapen/vampirism/entity/goals/AttackRangedCrossbowGoal$CrossbowState
[08Jan2026 02:39:20.248] [Server thread/INFO] [com.teampotato.redirector.Redirector/]: Redirecting de/teamlapen/vampirism/entity/vampire/VampireBaseEntity$SpawnRestriction
[08Jan2026 02:39:20.254] [Server thread/INFO] [com.teampotato.redirector.Redirector/]: Redirecting de/teamlapen/vampirism/entity/SoulOrbEntity$VARIANT
[08Jan2026 02:39:20.275] [Server thread/INFO] [Ksyxis/MinecraftServerMixin/MOD_KSYXIS]: Ksyxis: Hey. This is Ksyxis. We will now load the world and will try to do it quickly. If the game is not responding after this, it's probably us to blame or delete for good. This message appears always, even if the mod works flawlessly. (injector: modern, ci: CallbackInfo[TYPE=CallbackInfo,NAME=func_213186_a,CANCELLABLE=false], server: net.minecraft.server.dedicated.DedicatedServer@282fd906)
[08Jan2026 02:39:20.279] [Server thread/INFO] [net.minecraft.server.MinecraftServer/]: Preparing start region for dimension minecraft:overworld
[08Jan2026 02:39:20.329] [Server thread/INFO] [com.teampotato.redirector.Redirector/]: Redirecting net/minecraft/world/server/ChunkHolder$LocationType
[08Jan2026 02:39:20.392] [Server thread/INFO] [com.teampotato.redirector.Redirector/]: Redirecting net/minecraft/util/Direction8
[08Jan2026 02:39:20.394] [Server thread/INFO] [com.teampotato.redirector.Redirector/]: Redirecting net/minecraft/world/server/ServerWorldLightManager$Phase
[08Jan2026 02:39:20.436] [Server thread/INFO] [net.minecraft.world.chunk.listener.LoggingChunkStatusListener/]: Time elapsed: 157 ms
[08Jan2026 02:39:20.436] [Server thread/INFO] [net.minecraft.server.dedicated.DedicatedServer/]: Done (0.737s)! For help, type "help"
[08Jan2026 02:39:20.480] [Server thread/INFO] [com.teampotato.redirector.Redirector/]: Redirecting cpw/mods/inventorysorter/InventorySorterCommand$CommandAction
[08Jan2026 02:39:20.509] [Server thread/INFO] [com.github.alexthe666.iceandfire.IceAndFire/]: {SPAWN_DRAGON_SKELETON_I_CF=true, HYDRA_CAVE_CF=true, SPAWN_SEA_SERPENT_CF=true, SPAWN_STYMPHALIAN_BIRD_CF=true, SPAWN_WANDERING_CYCLOPS_CF=true, PIXIE_VILLAGE_CF=false, SPAWN_DEATH_WORM_CF=true, FIRE_DRAGON_CAVE_CF=true, SIREN_ISLAND_CF=true, MYRMEX_HIVE_DESERT_CF=true, SPAWN_HIPPOCAMPUS_CF=true, FIRE_DRAGON_ROOST_CF=true, MYRMEX_HIVE_JUNGLE_CF=true, GORGON_TEMPLE_CF=true, COPPER_ORE_CF=true, SILVER_ORE_CF=true, LIGHTNING_DRAGON_CAVE_CF=true, SPAWN_DRAGON_SKELETON_F_CF=true, AMETHYST_ORE_CF=true, SPAWN_DRAGON_SKELETON_L_CF=true, LIGHTNING_LILY_CF=true, MAUSOLEUM_CF=true, ICE_DRAGON_CAVE_CF=true, GRAVEYARD_CF=true, SAPPHIRE_ORE_CF=true, LIGHTNING_DRAGON_ROOST_CF=true, CYCLOPS_CAVE_CF=true, FROST_LILY_CF=true, FIRE_LILY_CF=true, ICE_DRAGON_ROOST_CF=true}
[08Jan2026 02:39:20.509] [Server thread/INFO] [com.github.alexthe666.iceandfire.IceAndFire/]: {TROLL_S=true, HIPPOGRYPH=true, AMPHITHERE=true, COCKATRICE=true, TROLL_M=true, DREAD_LICH=true, TROLL_F=true}
[08Jan2026 02:39:20.510] [Server thread/WARN] [ModernFix/]: Dedicated server took 28.913 seconds to load
[08Jan2026 02:39:20.612] [Worker-Main-3/INFO] [com.teampotato.redirector.Redirector/]: Redirecting net/minecraft/util/BlockVoxelShape
[08Jan2026 02:39:20.613] [Worker-Main-3/INFO] [com.teampotato.redirector.Redirector/]: Redirecting net/minecraft/world/EmptyBlockReader
[08Jan2026 02:39:50.513] [Server thread/INFO] [com.teampotato.redirector.Redirector/]: Redirecting net/minecraft/network/play/server/SPlayerListItemPacket$Action
[08Jan2026 02:40:09.805] [Netty Epoll Server IO #1/INFO] [com.teampotato.redirector.Redirector/]: Redirecting net/minecraft/network/PacketDirection
[08Jan2026 02:40:09.810] [Netty Epoll Server IO #1/INFO] [com.teampotato.redirector.Redirector/]: Redirecting net/minecraft/network/ProtocolType
[08Jan2026 02:40:09.828] [Netty Epoll Server IO #1/INFO] [com.teampotato.redirector.Redirector/]: Redirecting net/minecraft/network/play/client/CPlayerDiggingPacket$Action
[08Jan2026 02:40:09.845] [Netty Epoll Server IO #1/INFO] [com.teampotato.redirector.Redirector/]: Redirecting net/minecraft/network/play/server/SCombatPacket$Event
[08Jan2026 02:40:09.847] [Netty Epoll Server IO #1/INFO] [com.teampotato.redirector.Redirector/]: Redirecting net/minecraft/network/play/server/SRecipeBookPacket$State
[08Jan2026 02:40:09.855] [Netty Epoll Server IO #1/INFO] [com.teampotato.redirector.Redirector/]: Redirecting net/minecraft/network/play/server/SWorldBorderPacket$Action
[08Jan2026 02:40:09.861] [Netty Epoll Server IO #1/INFO] [com.teampotato.redirector.Redirector/]: Redirecting net/minecraft/scoreboard/ServerScoreboard$Action
[08Jan2026 02:40:09.862] [Netty Epoll Server IO #1/INFO] [com.teampotato.redirector.Redirector/]: Redirecting net/minecraft/network/play/server/STitlePacket$Type
[08Jan2026 02:40:09.871] [Netty Epoll Server IO #1/INFO] [com.teampotato.redirector.Redirector/]: Redirecting net/minecraft/network/play/client/CClientStatusPacket$State
[08Jan2026 02:40:09.894] [Netty Epoll Server IO #1/INFO] [com.teampotato.redirector.Redirector/]: Redirecting net/minecraft/entity/player/ChatVisibility
[08Jan2026 02:40:09.896] [Netty Epoll Server IO #1/INFO] [com.teampotato.redirector.Redirector/]: Redirecting net/minecraft/inventory/container/ClickType
[08Jan2026 02:40:09.898] [Netty Epoll Server IO #1/INFO] [com.teampotato.redirector.Redirector/]: Redirecting net/minecraft/network/play/client/CUseEntityPacket$Action
[08Jan2026 02:40:09.904] [Netty Epoll Server IO #1/INFO] [com.teampotato.redirector.Redirector/]: Redirecting net/minecraft/network/play/client/CEntityActionPacket$Action
[08Jan2026 02:40:09.905] [Netty Epoll Server IO #1/INFO] [com.teampotato.redirector.Redirector/]: Redirecting net/minecraft/item/crafting/RecipeBookCategory
[08Jan2026 02:40:09.907] [Netty Epoll Server IO #1/INFO] [com.teampotato.redirector.Redirector/]: Redirecting net/minecraft/network/play/client/CResourcePackStatusPacket$Action
[08Jan2026 02:40:09.908] [Netty Epoll Server IO #1/INFO] [com.teampotato.redirector.Redirector/]: Redirecting net/minecraft/network/play/client/CSeenAdvancementsPacket$Action
[08Jan2026 02:40:09.911] [Netty Epoll Server IO #1/INFO] [com.teampotato.redirector.Redirector/]: Redirecting net/minecraft/tileentity/CommandBlockTileEntity$Mode
[08Jan2026 02:40:09.914] [Netty Epoll Server IO #1/INFO] [com.teampotato.redirector.Redirector/]: Redirecting net/minecraft/tileentity/StructureBlockTileEntity$UpdateCommand
[08Jan2026 02:40:11.949] [Netty Epoll Server IO #2/INFO] [com.teampotato.redirector.Redirector/]: Redirecting net/minecraftforge/fml/network/ConnectionType
[08Jan2026 02:40:11.979] [Netty Epoll Server IO #2/INFO] [com.teampotato.redirector.Redirector/]: Redirecting net/minecraft/network/login/ServerLoginNetHandler$State
[08Jan2026 02:40:12.012] [Server thread/INFO] [com.teampotato.redirector.Redirector/]: Redirecting net/minecraftforge/fml/network/ICustomPacket$Fields
[08Jan2026 02:40:12.117] [Server thread/INFO] [net.minecraft.network.login.ServerLoginNetHandler/]: com.mojang.authlib.GameProfile@79be0c51[id=<null>,name=Goj0,properties={},legacy=false] (/127.148.236.202:55681) lost connection: Disconnected
[08Jan2026 02:46:51.359] [Server thread/INFO] [net.minecraftforge.common.AdvancementLoadFix/]: Using new advancement loading for net.minecraft.advancements.PlayerAdvancements@1f7b4e32
[08Jan2026 02:46:51.399] [Server thread/INFO] [com.teampotato.redirector.Redirector/]: Redirecting net/minecraft/util/AxisRotation
[08Jan2026 02:46:51.407] [Server thread/INFO] [com.teampotato.redirector.Redirector/]: Redirecting com/github/alexthe666/citadel/server/entity/datatracker/EntityDataHandler
[08Jan2026 02:46:51.428] [Server thread/ERROR] [net.minecraft.item.crafting.ServerRecipeBook/]: Tried to load unrecognized recipe: enchantedness:depth_strider removed now.
[08Jan2026 02:46:51.429] [Server thread/ERROR] [net.minecraft.item.crafting.ServerRecipeBook/]: Tried to load unrecognized recipe: enchantedness:bane_of_arthropods removed now.
[08Jan2026 02:46:51.431] [Server thread/ERROR] [net.minecraft.item.crafting.ServerRecipeBook/]: Tried to load unrecognized recipe: enchantedness:efficiency removed now.
[08Jan2026 02:46:51.433] [Server thread/ERROR] [net.minecraft.item.crafting.ServerRecipeBook/]: Tried to load unrecognized recipe: enchantedness:unbreaking removed now.
[08Jan2026 02:46:51.434] [Server thread/ERROR] [net.minecraft.item.crafting.ServerRecipeBook/]: Tried to load unrecognized recipe: enchantedness:aqua_affinity removed now.
[08Jan2026 02:46:51.438] [Server thread/ERROR] [net.minecraft.item.crafting.ServerRecipeBook/]: Tried to load unrecognized recipe: enchantedness:fortune removed now.
[08Jan2026 02:46:51.439] [Server thread/ERROR] [net.minecraft.item.crafting.ServerRecipeBook/]: Tried to load unrecognized recipe: enchantedness:feather_falling removed now.
[08Jan2026 02:46:51.440] [Server thread/ERROR] [net.minecraft.item.crafting.ServerRecipeBook/]: Tried to load unrecognized recipe: enchantedness:channeling removed now.
[08Jan2026 02:46:51.440] [Server thread/ERROR] [net.minecraft.item.crafting.ServerRecipeBook/]: Tried to load unrecognized recipe: enchantedness:blast_protection removed now.
[08Jan2026 02:46:51.441] [Server thread/ERROR] [net.minecraft.item.crafting.ServerRecipeBook/]: Tried to load unrecognized recipe: enchantedness:depth_strider removed now.
[08Jan2026 02:46:51.441] [Server thread/ERROR] [net.minecraft.item.crafting.ServerRecipeBook/]: Tried to load unrecognized recipe: enchantedness:bane_of_arthropods removed now.
[08Jan2026 02:46:51.442] [Server thread/ERROR] [net.minecraft.item.crafting.ServerRecipeBook/]: Tried to load unrecognized recipe: enchantedness:efficiency removed now.
[08Jan2026 02:46:51.443] [Server thread/ERROR] [net.minecraft.item.crafting.ServerRecipeBook/]: Tried to load unrecognized recipe: enchantedness:unbreaking removed now.
[08Jan2026 02:46:51.443] [Server thread/ERROR] [net.minecraft.item.crafting.ServerRecipeBook/]: Tried to load unrecognized recipe: enchantedness:aqua_affinity removed now.
[08Jan2026 02:46:51.446] [Server thread/ERROR] [net.minecraft.item.crafting.ServerRecipeBook/]: Tried to load unrecognized recipe: enchantedness:fortune removed now.
[08Jan2026 02:46:51.447] [Server thread/ERROR] [net.minecraft.item.crafting.ServerRecipeBook/]: Tried to load unrecognized recipe: enchantedness:feather_falling removed now.
[08Jan2026 02:46:51.448] [Server thread/ERROR] [net.minecraft.item.crafting.ServerRecipeBook/]: Tried to load unrecognized recipe: enchantedness:channeling removed now.
[08Jan2026 02:46:51.448] [Server thread/ERROR] [net.minecraft.item.crafting.ServerRecipeBook/]: Tried to load unrecognized recipe: enchantedness:blast_protection removed now.
[08Jan2026 02:46:51.450] [Server thread/INFO] [net.minecraft.server.management.PlayerList/]: Goj0[/127.148.236.202:58497] logged in with entity id 577 at (296.6021840643049, 6.0, 607.0638539216918)
[08Jan2026 02:46:51.460] [Server thread/INFO] [com.teampotato.redirector.Redirector/]: Redirecting net/minecraftforge/network/VanillaPacketSplitter$RemoteCompatibility
[08Jan2026 02:46:51.475] [Server thread/INFO] [com.teampotato.redirector.Redirector/]: Redirecting de/teamlapen/werewolves/entities/werewolf/WerewolfTransformable$TransformType
[08Jan2026 02:46:51.476] [Server thread/INFO] [com.teampotato.redirector.Redirector/]: Redirecting net/minecraft/entity/item/BoatEntity$Status
[08Jan2026 02:46:51.503] [Server thread/INFO] [com.teampotato.redirector.Redirector/]: Redirecting net/minecraft/util/text/ChatType
[08Jan2026 02:46:51.504] [Server thread/INFO] [net.minecraft.server.dedicated.DedicatedServer/]: Goj0 joined the game
[08Jan2026 02:46:51.506] [Server thread/INFO] [com.teampotato.redirector.Redirector/]: Redirecting com/bobmowzie/mowziesmobs/server/ability/AbilityHandler
[08Jan2026 02:46:51.520] [Server thread/INFO] [com.teampotato.redirector.Redirector/]: Redirecting com/bobmowzie/mowziesmobs/server/ability/AbilitySection$AbilitySectionType
[08Jan2026 02:46:51.638] [Server thread/INFO] [com.teampotato.redirector.Redirector/]: Redirecting net/minecraft/village/PointOfInterestManager$Status
[08Jan2026 02:46:51.710] [Server thread/INFO] [com.teampotato.redirector.Redirector/]: Redirecting ovh/corail/tombstone/network/CMessageTBCapability$SyncType
[08Jan2026 02:46:51.717] [Server thread/INFO] [net.minecraftforge.common.AdvancementLoadFix/]: Using new advancement loading for net.minecraft.advancements.PlayerAdvancements@70be16a7
[08Jan2026 02:46:52.069] [Server thread/INFO] [com.teampotato.redirector.Redirector/]: Redirecting ovh/corail/tombstone/capability/ServantEntityImpl$CasterType
[08Jan2026 02:46:52.140] [Server thread/INFO] [Waila/]: Syncing config to Goj0 (38c49b64-4c4f-3860-9cc7-470580cdccc6)
[08Jan2026 02:46:52.218] [Server thread/INFO] [com.teampotato.redirector.Redirector/]: Redirecting net/minecraft/entity/MoverType
[08Jan2026 02:46:52.226] [Server thread/INFO] [com.teampotato.redirector.Redirector/]: Redirecting net/minecraft/scoreboard/Team$CollisionRule
[08Jan2026 02:46:52.265] [Server thread/INFO] [com.teampotato.redirector.Redirector/]: Redirecting net/minecraft/world/biome/DefaultBiomeMagnifier
[08Jan2026 02:46:52.860] [Server thread/INFO] [com.teampotato.redirector.Redirector/]: Redirecting net/minecraft/pathfinding/PathType
[08Jan2026 02:46:53.001] [Server thread/INFO] [com.teampotato.redirector.Redirector/]: Redirecting net/minecraft/world/chunk/Chunk$CreateEntityType
[08Jan2026 02:46:53.239] [Server thread/INFO] [com.teampotato.redirector.Redirector/]: Redirecting net/minecraft/util/math/RayTraceContext$BlockMode
[08Jan2026 02:46:53.242] [Server thread/INFO] [com.teampotato.redirector.Redirector/]: Redirecting net/minecraft/util/math/RayTraceResult$Type
[08Jan2026 02:46:54.233] [Server thread/INFO] [com.teampotato.redirector.Redirector/]: Redirecting net/minecraft/world/gen/feature/structure/RuinedPortalPiece$Location
[08Jan2026 02:46:54.601] [Server thread/INFO] [com.teampotato.redirector.Redirector/]: Redirecting com/github/alexthe666/citadel/animation/AnimationHandler
[08Jan2026 02:46:56.314] [Server thread/INFO] [com.teampotato.redirector.Redirector/]: Redirecting net/minecraft/block/AbstractBlock$OffsetType
[08Jan2026 02:46:56.546] [Server thread/INFO] [com.teampotato.redirector.Redirector/]: Redirecting net/minecraftforge/fml/network/NetworkEvent$RegistrationChangeType
[08Jan2026 02:51:15.070] [Server thread/INFO] [com.teampotato.redirector.Redirector/]: Redirecting net/minecraft/block/BlockRenderType
[08Jan2026 02:54:27.400] [Server thread/INFO] [com.teampotato.redirector.Redirector/]: Redirecting net/minecraft/tileentity/TileEntityMerger$Type
[08Jan2026 02:54:30.373] [Server thread/INFO] [com.teampotato.redirector.Redirector/]: Redirecting cpw/mods/inventorysorter/Action
[08Jan2026 02:54:30.374] [Server thread/INFO] [com.teampotato.redirector.Redirector/]: Redirecting cpw/mods/inventorysorter/SortingHandler
[08Jan2026 02:54:30.376] [Server thread/INFO] [com.teampotato.redirector.Redirector/]: Redirecting cpw/mods/inventorysorter/ScrollWheelHandler
[08Jan2026 02:54:30.382] [Server thread/INFO] [com.teampotato.redirector.Redirector/]: Redirecting cpw/mods/inventorysorter/InventoryHandler
[08Jan2026 03:03:29.696] [Server thread/INFO] [net.minecraft.server.dedicated.DedicatedServer/]: Goj0 has made the advancement [Enchanter]
[08Jan2026 03:12:08.486] [Server thread/INFO] [com.teampotato.redirector.Redirector/]: Redirecting com/ilexiconn/llibrary/server/animation/AnimationHandler
[08Jan2026 03:12:29.419] [Server thread/INFO] [net.minecraft.network.play.ServerPlayNetHandler/]: Goj0 lost connection: Disconnected
[08Jan2026 03:12:29.420] [Server thread/INFO] [net.minecraft.server.dedicated.DedicatedServer/]: Goj0 left the game
[08Jan2026 03:12:59.212] [Server thread/INFO] [net.minecraft.server.dedicated.DedicatedServer/]: Stopping the server
[08Jan2026 03:12:59.263] [Server thread/INFO] [ModernFix/]: Shutting down locating executor service
[08Jan2026 03:12:59.266] [Server thread/INFO] [net.minecraft.server.MinecraftServer/]: Stopping server
[08Jan2026 03:12:59.266] [Server thread/INFO] [net.minecraft.server.MinecraftServer/]: Saving players
[08Jan2026 03:12:59.266] [Server thread/INFO] [net.minecraft.server.MinecraftServer/]: Saving worlds
[08Jan2026 03:12:59.267] [Server thread/INFO] [net.minecraft.server.MinecraftServer/]: Saving chunks for level 'ServerLevel[world]'/minecraft:overworld
[08Jan2026 03:12:59.270] [Server thread/INFO] [net.minecraft.world.server.ChunkManager/]: ThreadedAnvilChunkStorage (world): All chunks are saved
[08Jan2026 03:12:59.271] [Server thread/INFO] [net.minecraft.server.MinecraftServer/]: Saving chunks for level 'ServerLevel[world]'/minecraft:the_nether
[08Jan2026 03:12:59.271] [Server thread/INFO] [net.minecraft.world.server.ChunkManager/]: ThreadedAnvilChunkStorage (DIM-1): All chunks are saved
[08Jan2026 03:12:59.271] [Server thread/INFO] [net.minecraft.server.MinecraftServer/]: Saving chunks for level 'ServerLevel[world]'/minecraft:the_end
[08Jan2026 03:12:59.272] [Server thread/INFO] [net.minecraft.world.server.ChunkManager/]: ThreadedAnvilChunkStorage (DIM1): All chunks are saved
[08Jan2026 03:12:59.312] [Server thread/INFO] [net.minecraft.world.server.ChunkManager/]: ThreadedAnvilChunkStorage (world): All chunks are saved
[08Jan2026 03:12:59.315] [Server thread/INFO] [net.minecraft.world.server.ChunkManager/]: ThreadedAnvilChunkStorage (DIM-1): All chunks are saved
[08Jan2026 03:12:59.316] [Server thread/INFO] [net.minecraft.world.server.ChunkManager/]: ThreadedAnvilChunkStorage (DIM1): All chunks are saved
